{"val_loss": 1.2872865200042725, "val_loss_std": 0.13522519255375515, "timestamp": 1763552057, "checkpoint_dir_name": null, "done": false, "training_iteration": 1, "trial_id": "dc58b_00094", "date": "2025-11-19_11-34-17", "time_this_iter_s": 12.422438621520996, "time_total_s": 12.422438621520996, "pid": 2442424, "hostname": "warrentron.nottingham.ac.uk", "node_ip": "10.156.128.123", "config": {"NumHeads": 2, "seed": 20252025, "pooling": "GlobalAddPool", "n_convolutions": 3, "embedding_dim": 32, "readout_layers": 3, "dropout": 0.01, "learning_rate": 0.0001, "batch_size": 32, "apply_weighting_to_graph": "No Weighting", "assymetric_loss_strength": null}, "time_since_restore": 12.422438621520996, "iterations_since_restore": 1}
