{"val_loss": 0.5244742393493652, "val_loss_std": 0.23344120591436207, "timestamp": 1763551871, "checkpoint_dir_name": null, "done": false, "training_iteration": 1, "trial_id": "dc58b_00042", "date": "2025-11-19_11-31-11", "time_this_iter_s": 11.330956220626831, "time_total_s": 11.330956220626831, "pid": 2432216, "hostname": "warrentron.nottingham.ac.uk", "node_ip": "10.156.128.123", "config": {"NumHeads": 4, "seed": 20252025, "pooling": "GlobalAddPool", "n_convolutions": 3, "embedding_dim": 32, "readout_layers": 3, "dropout": 0.05, "learning_rate": 0.001, "batch_size": 64, "apply_weighting_to_graph": "No Weighting", "assymetric_loss_strength": null}, "time_since_restore": 11.330956220626831, "iterations_since_restore": 1}
