{"val_loss": 0.47028082609176636, "val_loss_std": 0.10225700918072482, "timestamp": 1763551997, "checkpoint_dir_name": null, "done": false, "training_iteration": 1, "trial_id": "dc58b_00078", "date": "2025-11-19_11-33-17", "time_this_iter_s": 10.582502841949463, "time_total_s": 10.582502841949463, "pid": 2439246, "hostname": "warrentron.nottingham.ac.uk", "node_ip": "10.156.128.123", "config": {"NumHeads": 2, "seed": 20252025, "pooling": "GlobalMeanMaxPool", "n_convolutions": 1, "embedding_dim": 32, "readout_layers": 1, "dropout": 0.01, "learning_rate": 0.0001, "batch_size": 16, "apply_weighting_to_graph": "No Weighting", "assymetric_loss_strength": null}, "time_since_restore": 10.582502841949463, "iterations_since_restore": 1}
