{"val_loss": 1.6848023414611817, "val_loss_std": 0.05451888303715901, "timestamp": 1763551856, "checkpoint_dir_name": null, "done": false, "training_iteration": 1, "trial_id": "dc58b_00040", "date": "2025-11-19_11-30-56", "time_this_iter_s": 7.475617408752441, "time_total_s": 7.475617408752441, "pid": 2431813, "hostname": "warrentron.nottingham.ac.uk", "node_ip": "10.156.128.123", "config": {"NumHeads": 2, "seed": 20252025, "pooling": "GlobalMeanPool", "n_convolutions": 1, "embedding_dim": 64, "readout_layers": 1, "dropout": 0.1, "learning_rate": 0.0001, "batch_size": 32, "apply_weighting_to_graph": "No Weighting", "assymetric_loss_strength": null}, "time_since_restore": 7.475617408752441, "iterations_since_restore": 1}
