{"val_loss": 2.0160696029663088, "val_loss_std": 0.10932584622012746, "timestamp": 1763552252, "checkpoint_dir_name": null, "done": false, "training_iteration": 1, "trial_id": "dc58b_00141", "date": "2025-11-19_11-37-32", "time_this_iter_s": 14.763087749481201, "time_total_s": 14.763087749481201, "pid": 2453855, "hostname": "warrentron.nottingham.ac.uk", "node_ip": "10.156.128.123", "config": {"NumHeads": 1, "seed": 20252025, "pooling": "GlobalMeanPool", "n_convolutions": 2, "embedding_dim": 32, "readout_layers": 3, "dropout": 0.01, "learning_rate": 0.0001, "batch_size": 16, "apply_weighting_to_graph": "No Weighting", "assymetric_loss_strength": null}, "time_since_restore": 14.763087749481201, "iterations_since_restore": 1}
