{"val_loss": 0.27114097476005555, "val_loss_std": 0.13184858405323646, "timestamp": 1763552246, "checkpoint_dir_name": null, "done": false, "training_iteration": 1, "trial_id": "dc58b_00139", "date": "2025-11-19_11-37-26", "time_this_iter_s": 9.972104787826538, "time_total_s": 9.972104787826538, "pid": 2452528, "hostname": "warrentron.nottingham.ac.uk", "node_ip": "10.156.128.123", "config": {"NumHeads": 4, "seed": 20252025, "pooling": "GlobalMeanMaxPool", "n_convolutions": 2, "embedding_dim": 64, "readout_layers": 2, "dropout": 0.05, "learning_rate": 0.001, "batch_size": 32, "apply_weighting_to_graph": "No Weighting", "assymetric_loss_strength": null}, "time_since_restore": 9.972104787826538, "iterations_since_restore": 1}
