{"val_loss": 0.11808729320764541, "val_loss_std": 0.07628948957162132, "timestamp": 1763552213, "checkpoint_dir_name": null, "done": false, "training_iteration": 1, "trial_id": "dc58b_00130", "date": "2025-11-19_11-36-53", "time_this_iter_s": 20.157562732696533, "time_total_s": 20.157562732696533, "pid": 2451317, "hostname": "warrentron.nottingham.ac.uk", "node_ip": "10.156.128.123", "config": {"NumHeads": 4, "seed": 20252025, "pooling": "GlobalAddPool", "n_convolutions": 3, "embedding_dim": 128, "readout_layers": 2, "dropout": 0.1, "learning_rate": 0.001, "batch_size": 16, "apply_weighting_to_graph": "No Weighting", "assymetric_loss_strength": null}, "time_since_restore": 20.157562732696533, "iterations_since_restore": 1}
