{"val_loss": 0.2394924893975258, "val_loss_std": 0.09187466216929353, "timestamp": 1763552041, "checkpoint_dir_name": null, "done": false, "training_iteration": 1, "trial_id": "dc58b_00088", "date": "2025-11-19_11-34-01", "time_this_iter_s": 12.992867231369019, "time_total_s": 12.992867231369019, "pid": 2441952, "hostname": "warrentron.nottingham.ac.uk", "node_ip": "10.156.128.123", "config": {"NumHeads": 2, "seed": 20252025, "pooling": "GlobalMaxPool", "n_convolutions": 1, "embedding_dim": 128, "readout_layers": 2, "dropout": 0.1, "learning_rate": 0.001, "batch_size": 16, "apply_weighting_to_graph": "No Weighting", "assymetric_loss_strength": null}, "time_since_restore": 12.992867231369019, "iterations_since_restore": 1}
