{"val_loss": 0.10267350375652314, "val_loss_std": 0.02634396263906763, "timestamp": 1763552165, "checkpoint_dir_name": null, "done": false, "training_iteration": 1, "trial_id": "dc58b_00120", "date": "2025-11-19_11-36-05", "time_this_iter_s": 15.04520320892334, "time_total_s": 15.04520320892334, "pid": 2448564, "hostname": "warrentron.nottingham.ac.uk", "node_ip": "10.156.128.123", "config": {"NumHeads": 1, "seed": 20252025, "pooling": "GlobalMeanPool", "n_convolutions": 2, "embedding_dim": 128, "readout_layers": 3, "dropout": 0.01, "learning_rate": 0.01, "batch_size": 16, "apply_weighting_to_graph": "No Weighting", "assymetric_loss_strength": null}, "time_since_restore": 15.04520320892334, "iterations_since_restore": 1}
