{"val_loss": 0.1435814842581749, "val_loss_std": 0.052466083751474824, "timestamp": 1763552104, "checkpoint_dir_name": null, "done": false, "training_iteration": 1, "trial_id": "dc58b_00103", "date": "2025-11-19_11-35-04", "time_this_iter_s": 16.659801721572876, "time_total_s": 16.659801721572876, "pid": 2445163, "hostname": "warrentron.nottingham.ac.uk", "node_ip": "10.156.128.123", "config": {"NumHeads": 4, "seed": 20252025, "pooling": "GlobalMeanMaxPool", "n_convolutions": 2, "embedding_dim": 128, "readout_layers": 3, "dropout": 0.01, "learning_rate": 0.001, "batch_size": 16, "apply_weighting_to_graph": "No Weighting", "assymetric_loss_strength": null}, "time_since_restore": 16.659801721572876, "iterations_since_restore": 1}
