{"val_loss": 0.11658820286393165, "val_loss_std": 0.06519017186666667, "timestamp": 1763551894, "checkpoint_dir_name": null, "done": false, "training_iteration": 1, "trial_id": "dc58b_00050", "date": "2025-11-19_11-31-34", "time_this_iter_s": 9.304649829864502, "time_total_s": 9.304649829864502, "pid": 2434717, "hostname": "warrentron.nottingham.ac.uk", "node_ip": "10.156.128.123", "config": {"NumHeads": 4, "seed": 20252025, "pooling": "GlobalMaxPool", "n_convolutions": 2, "embedding_dim": 32, "readout_layers": 3, "dropout": 0.01, "learning_rate": 0.01, "batch_size": 32, "apply_weighting_to_graph": "No Weighting", "assymetric_loss_strength": null}, "time_since_restore": 9.304649829864502, "iterations_since_restore": 1}
