{"val_loss": 0.17791287750005721, "val_loss_std": 0.05701424322657844, "timestamp": 1763551739, "checkpoint_dir_name": null, "done": false, "training_iteration": 1, "trial_id": "dc58b_00006", "date": "2025-11-19_11-28-59", "time_this_iter_s": 12.175132751464844, "time_total_s": 12.175132751464844, "pid": 2425116, "hostname": "warrentron.nottingham.ac.uk", "node_ip": "10.156.128.123", "config": {"NumHeads": 4, "seed": 20252025, "pooling": "GlobalMaxPool", "n_convolutions": 1, "embedding_dim": 128, "readout_layers": 3, "dropout": 0.1, "learning_rate": 0.001, "batch_size": 16, "apply_weighting_to_graph": "No Weighting", "assymetric_loss_strength": null}, "time_since_restore": 12.175132751464844, "iterations_since_restore": 1}
