{"val_loss": 0.13211011253297328, "val_loss_std": 0.09611933287843799, "timestamp": 1763551912, "checkpoint_dir_name": null, "done": false, "training_iteration": 1, "trial_id": "dc58b_00055", "date": "2025-11-19_11-31-52", "time_this_iter_s": 10.25160002708435, "time_total_s": 10.25160002708435, "pid": 2435222, "hostname": "warrentron.nottingham.ac.uk", "node_ip": "10.156.128.123", "config": {"NumHeads": 4, "seed": 20252025, "pooling": "GlobalMeanMaxPool", "n_convolutions": 2, "embedding_dim": 64, "readout_layers": 3, "dropout": 0.01, "learning_rate": 0.01, "batch_size": 32, "apply_weighting_to_graph": "No Weighting", "assymetric_loss_strength": null}, "time_since_restore": 10.25160002708435, "iterations_since_restore": 1}
