{"val_loss": 0.16843134686350822, "val_loss_std": 0.101362446915212, "timestamp": 1763551761, "checkpoint_dir_name": null, "done": false, "training_iteration": 1, "trial_id": "dc58b_00010", "date": "2025-11-19_11-29-21", "time_this_iter_s": 19.691177129745483, "time_total_s": 19.691177129745483, "pid": 2425558, "hostname": "warrentron.nottingham.ac.uk", "node_ip": "10.156.128.123", "config": {"NumHeads": 4, "seed": 20252025, "pooling": "GlobalMeanMaxPool", "n_convolutions": 3, "embedding_dim": 32, "readout_layers": 3, "dropout": 0.01, "learning_rate": 0.001, "batch_size": 16, "apply_weighting_to_graph": "No Weighting", "assymetric_loss_strength": null}, "time_since_restore": 19.691177129745483, "iterations_since_restore": 1}
