{"val_loss": 0.1568994950503111, "val_loss_std": 0.0933699151952186, "timestamp": 1763551963, "checkpoint_dir_name": null, "done": false, "training_iteration": 1, "trial_id": "dc58b_00068", "date": "2025-11-19_11-32-43", "time_this_iter_s": 12.186023235321045, "time_total_s": 12.186023235321045, "pid": 2438232, "hostname": "warrentron.nottingham.ac.uk", "node_ip": "10.156.128.123", "config": {"NumHeads": 4, "seed": 20252025, "pooling": "GlobalMaxPool", "n_convolutions": 3, "embedding_dim": 32, "readout_layers": 2, "dropout": 0.01, "learning_rate": 0.01, "batch_size": 32, "apply_weighting_to_graph": "No Weighting", "assymetric_loss_strength": null}, "time_since_restore": 12.186023235321045, "iterations_since_restore": 1}
