{"val_loss": 0.3152230530977249, "val_loss_std": 0.11063468159363307, "timestamp": 1763552028, "checkpoint_dir_name": null, "done": false, "training_iteration": 1, "trial_id": "dc58b_00087", "date": "2025-11-19_11-33-48", "time_this_iter_s": 9.976179122924805, "time_total_s": 9.976179122924805, "pid": 2441810, "hostname": "warrentron.nottingham.ac.uk", "node_ip": "10.156.128.123", "config": {"NumHeads": 2, "seed": 20252025, "pooling": "GlobalMaxPool", "n_convolutions": 2, "embedding_dim": 32, "readout_layers": 2, "dropout": 0.1, "learning_rate": 0.001, "batch_size": 32, "apply_weighting_to_graph": "No Weighting", "assymetric_loss_strength": null}, "time_since_restore": 9.976179122924805, "iterations_since_restore": 1}
