{"val_loss": 0.6445473670959473, "val_loss_std": 0.12272407039010468, "timestamp": 1763551901, "checkpoint_dir_name": null, "done": false, "training_iteration": 1, "trial_id": "dc58b_00052", "date": "2025-11-19_11-31-41", "time_this_iter_s": 10.9026460647583, "time_total_s": 10.9026460647583, "pid": 2434882, "hostname": "warrentron.nottingham.ac.uk", "node_ip": "10.156.128.123", "config": {"NumHeads": 2, "seed": 20252025, "pooling": "GlobalMeanPool", "n_convolutions": 3, "embedding_dim": 128, "readout_layers": 1, "dropout": 0.1, "learning_rate": 0.0001, "batch_size": 64, "apply_weighting_to_graph": "No Weighting", "assymetric_loss_strength": null}, "time_since_restore": 10.9026460647583, "iterations_since_restore": 1}
