{"val_loss": 0.260402125120163, "val_loss_std": 0.10518002361979008, "timestamp": 1763552129, "checkpoint_dir_name": null, "done": false, "training_iteration": 1, "trial_id": "dc58b_00110", "date": "2025-11-19_11-35-29", "time_this_iter_s": 20.11315417289734, "time_total_s": 20.11315417289734, "pid": 2445837, "hostname": "warrentron.nottingham.ac.uk", "node_ip": "10.156.128.123", "config": {"NumHeads": 4, "seed": 20252025, "pooling": "GlobalMeanMaxPool", "n_convolutions": 3, "embedding_dim": 128, "readout_layers": 3, "dropout": 0.05, "learning_rate": 0.001, "batch_size": 64, "apply_weighting_to_graph": "No Weighting", "assymetric_loss_strength": null}, "time_since_restore": 20.11315417289734, "iterations_since_restore": 1}
