{"val_loss": 0.29265053272247316, "val_loss_std": 0.04754295145643348, "timestamp": 1763551846, "checkpoint_dir_name": null, "done": false, "training_iteration": 1, "trial_id": "dc58b_00036", "date": "2025-11-19_11-30-46", "time_this_iter_s": 11.239372730255127, "time_total_s": 11.239372730255127, "pid": 2431569, "hostname": "warrentron.nottingham.ac.uk", "node_ip": "10.156.128.123", "config": {"NumHeads": 4, "seed": 20252025, "pooling": "GlobalAddPool", "n_convolutions": 3, "embedding_dim": 32, "readout_layers": 1, "dropout": 0.01, "learning_rate": 0.0001, "batch_size": 32, "apply_weighting_to_graph": "No Weighting", "assymetric_loss_strength": null}, "time_since_restore": 11.239372730255127, "iterations_since_restore": 1}
