{"val_loss": 0.25298513025045394, "val_loss_std": 0.11436915278791654, "timestamp": 1763551948, "checkpoint_dir_name": null, "done": false, "training_iteration": 1, "trial_id": "dc58b_00063", "date": "2025-11-19_11-32-28", "time_this_iter_s": 18.67892360687256, "time_total_s": 18.67892360687256, "pid": 2436037, "hostname": "warrentron.nottingham.ac.uk", "node_ip": "10.156.128.123", "config": {"NumHeads": 1, "seed": 20252025, "pooling": "GlobalAddPool", "n_convolutions": 3, "embedding_dim": 128, "readout_layers": 1, "dropout": 0.1, "learning_rate": 0.01, "batch_size": 16, "apply_weighting_to_graph": "No Weighting", "assymetric_loss_strength": null}, "time_since_restore": 18.67892360687256, "iterations_since_restore": 1}
