{"val_loss": 0.3785431146621704, "val_loss_std": 0.19803131577837244, "timestamp": 1763551789, "checkpoint_dir_name": null, "done": false, "training_iteration": 1, "trial_id": "dc58b_00019", "date": "2025-11-19_11-29-49", "time_this_iter_s": 11.958501815795898, "time_total_s": 11.958501815795898, "pid": 2428131, "hostname": "warrentron.nottingham.ac.uk", "node_ip": "10.156.128.123", "config": {"NumHeads": 4, "seed": 20252025, "pooling": "GlobalMaxPool", "n_convolutions": 3, "embedding_dim": 64, "readout_layers": 3, "dropout": 0.01, "learning_rate": 0.001, "batch_size": 32, "apply_weighting_to_graph": "No Weighting", "assymetric_loss_strength": null}, "time_since_restore": 11.958501815795898, "iterations_since_restore": 1}
