{"val_loss": 0.26347470581531524, "val_loss_std": 0.13210931569990833, "timestamp": 1763551828, "checkpoint_dir_name": null, "done": false, "training_iteration": 1, "trial_id": "dc58b_00030", "date": "2025-11-19_11-30-28", "time_this_iter_s": 10.129973411560059, "time_total_s": 10.129973411560059, "pid": 2430995, "hostname": "warrentron.nottingham.ac.uk", "node_ip": "10.156.128.123", "config": {"NumHeads": 1, "seed": 20252025, "pooling": "GlobalAddPool", "n_convolutions": 2, "embedding_dim": 128, "readout_layers": 1, "dropout": 0.05, "learning_rate": 0.01, "batch_size": 64, "apply_weighting_to_graph": "No Weighting", "assymetric_loss_strength": null}, "time_since_restore": 10.129973411560059, "iterations_since_restore": 1}
