{"val_loss": 1.7775348901748658, "val_loss_std": 0.04920497616721187, "timestamp": 1763552040, "checkpoint_dir_name": null, "done": false, "training_iteration": 1, "trial_id": "dc58b_00089", "date": "2025-11-19_11-34-00", "time_this_iter_s": 12.82584524154663, "time_total_s": 12.82584524154663, "pid": 2441953, "hostname": "warrentron.nottingham.ac.uk", "node_ip": "10.156.128.123", "config": {"NumHeads": 4, "seed": 20252025, "pooling": "GlobalMaxPool", "n_convolutions": 3, "embedding_dim": 64, "readout_layers": 2, "dropout": 0.1, "learning_rate": 0.0001, "batch_size": 64, "apply_weighting_to_graph": "No Weighting", "assymetric_loss_strength": null}, "time_since_restore": 12.82584524154663, "iterations_since_restore": 1}
