{"val_loss": 0.10717921182513238, "val_loss_std": 0.07681188790657908, "timestamp": 1763552040, "checkpoint_dir_name": null, "done": false, "training_iteration": 1, "trial_id": "dc58b_00090", "date": "2025-11-19_11-34-00", "time_this_iter_s": 10.240556478500366, "time_total_s": 10.240556478500366, "pid": 2442079, "hostname": "warrentron.nottingham.ac.uk", "node_ip": "10.156.128.123", "config": {"NumHeads": 2, "seed": 20252025, "pooling": "GlobalMeanPool", "n_convolutions": 2, "embedding_dim": 32, "readout_layers": 1, "dropout": 0.1, "learning_rate": 0.01, "batch_size": 32, "apply_weighting_to_graph": "No Weighting", "assymetric_loss_strength": null}, "time_since_restore": 10.240556478500366, "iterations_since_restore": 1}
