{"val_loss": 0.3028797745704651, "val_loss_std": 0.06988878617281769, "timestamp": 1763551948, "checkpoint_dir_name": null, "done": false, "training_iteration": 1, "trial_id": "dc58b_00066", "date": "2025-11-19_11-32-28", "time_this_iter_s": 7.072918176651001, "time_total_s": 7.072918176651001, "pid": 2438028, "hostname": "warrentron.nottingham.ac.uk", "node_ip": "10.156.128.123", "config": {"NumHeads": 4, "seed": 20252025, "pooling": "GlobalAddPool", "n_convolutions": 1, "embedding_dim": 64, "readout_layers": 1, "dropout": 0.05, "learning_rate": 0.001, "batch_size": 32, "apply_weighting_to_graph": "No Weighting", "assymetric_loss_strength": null}, "time_since_restore": 7.072918176651001, "iterations_since_restore": 1}
