{"val_loss": 0.3095835089683533, "val_loss_std": 0.0567604331758301, "timestamp": 1763551765, "checkpoint_dir_name": null, "done": false, "training_iteration": 1, "trial_id": "dc58b_00012", "date": "2025-11-19_11-29-25", "time_this_iter_s": 18.735515117645264, "time_total_s": 18.735515117645264, "pid": 2425759, "hostname": "warrentron.nottingham.ac.uk", "node_ip": "10.156.128.123", "config": {"NumHeads": 4, "seed": 20252025, "pooling": "GlobalAddPool", "n_convolutions": 3, "embedding_dim": 32, "readout_layers": 1, "dropout": 0.1, "learning_rate": 0.001, "batch_size": 16, "apply_weighting_to_graph": "No Weighting", "assymetric_loss_strength": null}, "time_since_restore": 18.735515117645264, "iterations_since_restore": 1}
