{"val_loss": 0.27065114974975585, "val_loss_std": 0.1382210622794611, "timestamp": 1763552269, "checkpoint_dir_name": null, "done": false, "training_iteration": 1, "trial_id": "dc58b_00146", "date": "2025-11-19_11-37-49", "time_this_iter_s": 13.382569789886475, "time_total_s": 13.382569789886475, "pid": 2454632, "hostname": "warrentron.nottingham.ac.uk", "node_ip": "10.156.128.123", "config": {"NumHeads": 1, "seed": 20252025, "pooling": "GlobalMeanPool", "n_convolutions": 2, "embedding_dim": 128, "readout_layers": 1, "dropout": 0.1, "learning_rate": 0.0001, "batch_size": 16, "apply_weighting_to_graph": "No Weighting", "assymetric_loss_strength": null}, "time_since_restore": 13.382569789886475, "iterations_since_restore": 1}
