{"val_loss": 0.21447355002164842, "val_loss_std": 0.0926133840764348, "timestamp": 1763552002, "checkpoint_dir_name": null, "done": false, "training_iteration": 1, "trial_id": "dc58b_00077", "date": "2025-11-19_11-33-22", "time_this_iter_s": 18.84703516960144, "time_total_s": 18.84703516960144, "pid": 2439142, "hostname": "warrentron.nottingham.ac.uk", "node_ip": "10.156.128.123", "config": {"NumHeads": 1, "seed": 20252025, "pooling": "GlobalAddPool", "n_convolutions": 3, "embedding_dim": 32, "readout_layers": 3, "dropout": 0.1, "learning_rate": 0.001, "batch_size": 16, "apply_weighting_to_graph": "No Weighting", "assymetric_loss_strength": null}, "time_since_restore": 18.84703516960144, "iterations_since_restore": 1}
