{"val_loss": 0.3358239084482193, "val_loss_std": 0.1171078894881913, "timestamp": 1763551972, "checkpoint_dir_name": null, "done": false, "training_iteration": 1, "trial_id": "dc58b_00071", "date": "2025-11-19_11-32-52", "time_this_iter_s": 9.297446727752686, "time_total_s": 9.297446727752686, "pid": 2438535, "hostname": "warrentron.nottingham.ac.uk", "node_ip": "10.156.128.123", "config": {"NumHeads": 2, "seed": 20252025, "pooling": "GlobalMeanMaxPool", "n_convolutions": 2, "embedding_dim": 128, "readout_layers": 1, "dropout": 0.1, "learning_rate": 0.01, "batch_size": 64, "apply_weighting_to_graph": "No Weighting", "assymetric_loss_strength": null}, "time_since_restore": 9.297446727752686, "iterations_since_restore": 1}
