{"val_loss": 0.2971604347229004, "val_loss_std": 0.08950173439167423, "timestamp": 1763552195, "checkpoint_dir_name": null, "done": false, "training_iteration": 1, "trial_id": "dc58b_00129", "date": "2025-11-19_11-36-35", "time_this_iter_s": 7.180222034454346, "time_total_s": 7.180222034454346, "pid": 2451081, "hostname": "warrentron.nottingham.ac.uk", "node_ip": "10.156.128.123", "config": {"NumHeads": 2, "seed": 20252025, "pooling": "GlobalAddPool", "n_convolutions": 1, "embedding_dim": 64, "readout_layers": 1, "dropout": 0.1, "learning_rate": 0.0001, "batch_size": 32, "apply_weighting_to_graph": "No Weighting", "assymetric_loss_strength": null}, "time_since_restore": 7.180222034454346, "iterations_since_restore": 1}
