{"val_loss": 0.7323486685752869, "val_loss_std": 0.14360686762227698, "timestamp": 1763551891, "checkpoint_dir_name": null, "done": false, "training_iteration": 1, "trial_id": "dc58b_00048", "date": "2025-11-19_11-31-31", "time_this_iter_s": 13.056749820709229, "time_total_s": 13.056749820709229, "pid": 2434513, "hostname": "warrentron.nottingham.ac.uk", "node_ip": "10.156.128.123", "config": {"NumHeads": 2, "seed": 20252025, "pooling": "GlobalMaxPool", "n_convolutions": 2, "embedding_dim": 64, "readout_layers": 1, "dropout": 0.1, "learning_rate": 0.0001, "batch_size": 16, "apply_weighting_to_graph": "No Weighting", "assymetric_loss_strength": null}, "time_since_restore": 13.056749820709229, "iterations_since_restore": 1}
