{"val_loss": 0.17023446038365364, "val_loss_std": 0.09950183674433113, "timestamp": 1763551814, "checkpoint_dir_name": null, "done": false, "training_iteration": 1, "trial_id": "dc58b_00026", "date": "2025-11-19_11-30-14", "time_this_iter_s": 12.670818090438843, "time_total_s": 12.670818090438843, "pid": 2428888, "hostname": "warrentron.nottingham.ac.uk", "node_ip": "10.156.128.123", "config": {"NumHeads": 1, "seed": 20252025, "pooling": "GlobalMaxPool", "n_convolutions": 1, "embedding_dim": 128, "readout_layers": 2, "dropout": 0.01, "learning_rate": 0.001, "batch_size": 16, "apply_weighting_to_graph": "No Weighting", "assymetric_loss_strength": null}, "time_since_restore": 12.670818090438843, "iterations_since_restore": 1}
