{"val_loss": 0.19849029034376145, "val_loss_std": 0.09988961736588516, "timestamp": 1763552054, "checkpoint_dir_name": null, "done": false, "training_iteration": 1, "trial_id": "dc58b_00092", "date": "2025-11-19_11-34-14", "time_this_iter_s": 11.424278020858765, "time_total_s": 11.424278020858765, "pid": 2442356, "hostname": "warrentron.nottingham.ac.uk", "node_ip": "10.156.128.123", "config": {"NumHeads": 2, "seed": 20252025, "pooling": "GlobalAddPool", "n_convolutions": 2, "embedding_dim": 32, "readout_layers": 2, "dropout": 0.01, "learning_rate": 0.01, "batch_size": 64, "apply_weighting_to_graph": "No Weighting", "assymetric_loss_strength": null}, "time_since_restore": 11.424278020858765, "iterations_since_restore": 1}
