{"val_loss": 0.23288273811340332, "val_loss_std": 0.05170583903713678, "timestamp": 1763551842, "checkpoint_dir_name": null, "done": false, "training_iteration": 1, "trial_id": "dc58b_00034", "date": "2025-11-19_11-30-42", "time_this_iter_s": 11.938857793807983, "time_total_s": 11.938857793807983, "pid": 2431301, "hostname": "warrentron.nottingham.ac.uk", "node_ip": "10.156.128.123", "config": {"NumHeads": 1, "seed": 20252025, "pooling": "GlobalMeanMaxPool", "n_convolutions": 3, "embedding_dim": 32, "readout_layers": 1, "dropout": 0.1, "learning_rate": 0.01, "batch_size": 32, "apply_weighting_to_graph": "No Weighting", "assymetric_loss_strength": null}, "time_since_restore": 11.938857793807983, "iterations_since_restore": 1}
