{"val_loss": 0.27664145827293396, "val_loss_std": 0.16273752079991424, "timestamp": 1763551108, "checkpoint_dir_name": null, "done": false, "training_iteration": 1, "trial_id": "bbd37_00127", "date": "2025-11-19_11-18-28", "time_this_iter_s": 6.73354434967041, "time_total_s": 6.73354434967041, "pid": 2372688, "hostname": "warrentron.nottingham.ac.uk", "node_ip": "10.156.128.123", "config": {"bias": true, "seed": 20252025, "pooling": "GlobalMeanMaxPool", "n_convolutions": 2, "embedding_dim": 128, "readout_layers": 3, "dropout": 0.1, "learning_rate": 0.001, "batch_size": 64, "apply_weighting_to_graph": "No Weighting", "assymetric_loss_strength": null}, "time_since_restore": 6.73354434967041, "iterations_since_restore": 1}
