{"val_loss": 0.39014545977115633, "val_loss_std": 0.2196907686293171, "timestamp": 1763551960, "checkpoint_dir_name": null, "done": false, "training_iteration": 1, "trial_id": "dc58b_00067", "date": "2025-11-19_11-32-40", "time_this_iter_s": 13.1359384059906, "time_total_s": 13.1359384059906, "pid": 2438132, "hostname": "warrentron.nottingham.ac.uk", "node_ip": "10.156.128.123", "config": {"NumHeads": 1, "seed": 20252025, "pooling": "GlobalMaxPool", "n_convolutions": 2, "embedding_dim": 128, "readout_layers": 1, "dropout": 0.01, "learning_rate": 0.0001, "batch_size": 16, "apply_weighting_to_graph": "No Weighting", "assymetric_loss_strength": null}, "time_since_restore": 13.1359384059906, "iterations_since_restore": 1}
