{"val_loss": 0.15186144188046455, "val_loss_std": 0.09219730394130053, "timestamp": 1763551752, "checkpoint_dir_name": null, "done": false, "training_iteration": 1, "trial_id": "dc58b_00011", "date": "2025-11-19_11-29-12", "time_this_iter_s": 8.427836894989014, "time_total_s": 8.427836894989014, "pid": 2425622, "hostname": "warrentron.nottingham.ac.uk", "node_ip": "10.156.128.123", "config": {"NumHeads": 2, "seed": 20252025, "pooling": "GlobalMeanMaxPool", "n_convolutions": 1, "embedding_dim": 128, "readout_layers": 3, "dropout": 0.01, "learning_rate": 0.01, "batch_size": 64, "apply_weighting_to_graph": "No Weighting", "assymetric_loss_strength": null}, "time_since_restore": 8.427836894989014, "iterations_since_restore": 1}
