{"val_loss": 1.5502751111984252, "val_loss_std": 0.34114167748825924, "timestamp": 1763551831, "checkpoint_dir_name": null, "done": false, "training_iteration": 1, "trial_id": "dc58b_00032", "date": "2025-11-19_11-30-31", "time_this_iter_s": 11.07086181640625, "time_total_s": 11.07086181640625, "pid": 2431061, "hostname": "warrentron.nottingham.ac.uk", "node_ip": "10.156.128.123", "config": {"NumHeads": 1, "seed": 20252025, "pooling": "GlobalAddPool", "n_convolutions": 1, "embedding_dim": 64, "readout_layers": 2, "dropout": 0.1, "learning_rate": 0.0001, "batch_size": 16, "apply_weighting_to_graph": "No Weighting", "assymetric_loss_strength": null}, "time_since_restore": 11.07086181640625, "iterations_since_restore": 1}
