{"val_loss": 0.5699748992919922, "val_loss_std": 0.12139324367245148, "timestamp": 1763552081, "checkpoint_dir_name": null, "done": false, "training_iteration": 1, "trial_id": "dc58b_00097", "date": "2025-11-19_11-34-41", "time_this_iter_s": 24.447556495666504, "time_total_s": 24.447556495666504, "pid": 2443294, "hostname": "warrentron.nottingham.ac.uk", "node_ip": "10.156.128.123", "config": {"NumHeads": 4, "seed": 20252025, "pooling": "GlobalMaxPool", "n_convolutions": 3, "embedding_dim": 32, "readout_layers": 1, "dropout": 0.05, "learning_rate": 0.0001, "batch_size": 16, "apply_weighting_to_graph": "No Weighting", "assymetric_loss_strength": null}, "time_since_restore": 24.447556495666504, "iterations_since_restore": 1}
