{"val_loss": 0.14945093765854836, "val_loss_std": 0.08994806480510845, "timestamp": 1763551852, "checkpoint_dir_name": null, "done": false, "training_iteration": 1, "trial_id": "dc58b_00037", "date": "2025-11-19_11-30-52", "time_this_iter_s": 6.739178657531738, "time_total_s": 6.739178657531738, "pid": 2431710, "hostname": "warrentron.nottingham.ac.uk", "node_ip": "10.156.128.123", "config": {"NumHeads": 2, "seed": 20252025, "pooling": "GlobalMeanMaxPool", "n_convolutions": 1, "embedding_dim": 64, "readout_layers": 1, "dropout": 0.01, "learning_rate": 0.01, "batch_size": 32, "apply_weighting_to_graph": "No Weighting", "assymetric_loss_strength": null}, "time_since_restore": 6.739178657531738, "iterations_since_restore": 1}
