{"val_loss": 0.31342155635356905, "val_loss_std": 0.14985591230801615, "timestamp": 1763551789, "checkpoint_dir_name": null, "done": false, "training_iteration": 1, "trial_id": "dc58b_00020", "date": "2025-11-19_11-29-49", "time_this_iter_s": 9.15514850616455, "time_total_s": 9.15514850616455, "pid": 2428231, "hostname": "warrentron.nottingham.ac.uk", "node_ip": "10.156.128.123", "config": {"NumHeads": 2, "seed": 20252025, "pooling": "GlobalMaxPool", "n_convolutions": 2, "embedding_dim": 64, "readout_layers": 1, "dropout": 0.05, "learning_rate": 0.01, "batch_size": 64, "apply_weighting_to_graph": "No Weighting", "assymetric_loss_strength": null}, "time_since_restore": 9.15514850616455, "iterations_since_restore": 1}
