{"val_loss": 1.8034563302993774, "val_loss_std": 0.09024190710497096, "timestamp": 1763551815, "checkpoint_dir_name": null, "done": false, "training_iteration": 1, "trial_id": "dc58b_00027", "date": "2025-11-19_11-30-15", "time_this_iter_s": 8.98077654838562, "time_total_s": 8.98077654838562, "pid": 2428995, "hostname": "warrentron.nottingham.ac.uk", "node_ip": "10.156.128.123", "config": {"NumHeads": 4, "seed": 20252025, "pooling": "GlobalAddPool", "n_convolutions": 1, "embedding_dim": 32, "readout_layers": 3, "dropout": 0.05, "learning_rate": 0.0001, "batch_size": 32, "apply_weighting_to_graph": "No Weighting", "assymetric_loss_strength": null}, "time_since_restore": 8.98077654838562, "iterations_since_restore": 1}
