{"val_loss": 0.2597797453403473, "val_loss_std": 0.10006874675835344, "timestamp": 1763552145, "checkpoint_dir_name": null, "done": false, "training_iteration": 1, "trial_id": "dc58b_00115", "date": "2025-11-19_11-35-45", "time_this_iter_s": 12.445304155349731, "time_total_s": 12.445304155349731, "pid": 2448045, "hostname": "warrentron.nottingham.ac.uk", "node_ip": "10.156.128.123", "config": {"NumHeads": 1, "seed": 20252025, "pooling": "GlobalAddPool", "n_convolutions": 3, "embedding_dim": 128, "readout_layers": 1, "dropout": 0.1, "learning_rate": 0.01, "batch_size": 32, "apply_weighting_to_graph": "No Weighting", "assymetric_loss_strength": null}, "time_since_restore": 12.445304155349731, "iterations_since_restore": 1}
