{"val_loss": 0.14304725527763368, "val_loss_std": 0.09788493039810826, "timestamp": 1763551032, "checkpoint_dir_name": null, "done": false, "training_iteration": 1, "trial_id": "bbd37_00097", "date": "2025-11-19_11-17-12", "time_this_iter_s": 5.516027212142944, "time_total_s": 5.516027212142944, "pid": 2366281, "hostname": "warrentron.nottingham.ac.uk", "node_ip": "10.156.128.123", "config": {"bias": true, "seed": 20252025, "pooling": "GlobalMeanMaxPool", "n_convolutions": 1, "embedding_dim": 32, "readout_layers": 2, "dropout": 0.05, "learning_rate": 0.01, "batch_size": 64, "apply_weighting_to_graph": "No Weighting", "assymetric_loss_strength": null}, "time_since_restore": 5.516027212142944, "iterations_since_restore": 1}
