{"val_loss": 0.1880479112267494, "val_loss_std": 0.11915417677260931, "timestamp": 1763551774, "checkpoint_dir_name": null, "done": false, "training_iteration": 1, "trial_id": "dc58b_00016", "date": "2025-11-19_11-29-34", "time_this_iter_s": 8.65613865852356, "time_total_s": 8.65613865852356, "pid": 2427824, "hostname": "warrentron.nottingham.ac.uk", "node_ip": "10.156.128.123", "config": {"NumHeads": 2, "seed": 20252025, "pooling": "GlobalMeanPool", "n_convolutions": 2, "embedding_dim": 128, "readout_layers": 1, "dropout": 0.05, "learning_rate": 0.001, "batch_size": 32, "apply_weighting_to_graph": "No Weighting", "assymetric_loss_strength": null}, "time_since_restore": 8.65613865852356, "iterations_since_restore": 1}
