{"val_loss": 0.206664802134037, "val_loss_std": 0.07856850265275435, "timestamp": 1763551798, "checkpoint_dir_name": null, "done": false, "training_iteration": 1, "trial_id": "dc58b_00022", "date": "2025-11-19_11-29-58", "time_this_iter_s": 8.940253973007202, "time_total_s": 8.940253973007202, "pid": 2428475, "hostname": "warrentron.nottingham.ac.uk", "node_ip": "10.156.128.123", "config": {"NumHeads": 2, "seed": 20252025, "pooling": "GlobalMeanMaxPool", "n_convolutions": 1, "embedding_dim": 32, "readout_layers": 3, "dropout": 0.05, "learning_rate": 0.001, "batch_size": 64, "apply_weighting_to_graph": "No Weighting", "assymetric_loss_strength": null}, "time_since_restore": 8.940253973007202, "iterations_since_restore": 1}
