{"val_loss": 0.2685681313276291, "val_loss_std": 0.12409102019038182, "timestamp": 1763551803, "checkpoint_dir_name": null, "done": false, "training_iteration": 1, "trial_id": "dc58b_00025", "date": "2025-11-19_11-30-03", "time_this_iter_s": 9.72693657875061, "time_total_s": 9.72693657875061, "pid": 2428704, "hostname": "warrentron.nottingham.ac.uk", "node_ip": "10.156.128.123", "config": {"NumHeads": 1, "seed": 20252025, "pooling": "GlobalAddPool", "n_convolutions": 2, "embedding_dim": 32, "readout_layers": 1, "dropout": 0.05, "learning_rate": 0.01, "batch_size": 64, "apply_weighting_to_graph": "No Weighting", "assymetric_loss_strength": null}, "time_since_restore": 9.72693657875061, "iterations_since_restore": 1}
