{"val_loss": 0.3548931896686554, "val_loss_std": 0.11096186542655254, "timestamp": 1763552085, "checkpoint_dir_name": null, "done": false, "training_iteration": 1, "trial_id": "dc58b_00099", "date": "2025-11-19_11-34-45", "time_this_iter_s": 10.084534883499146, "time_total_s": 10.084534883499146, "pid": 2444758, "hostname": "warrentron.nottingham.ac.uk", "node_ip": "10.156.128.123", "config": {"NumHeads": 1, "seed": 20252025, "pooling": "GlobalMeanMaxPool", "n_convolutions": 2, "embedding_dim": 32, "readout_layers": 3, "dropout": 0.05, "learning_rate": 0.001, "batch_size": 32, "apply_weighting_to_graph": "No Weighting", "assymetric_loss_strength": null}, "time_since_restore": 10.084534883499146, "iterations_since_restore": 1}
