{"val_loss": 0.18113512694835662, "val_loss_std": 0.08198539056810675, "timestamp": 1763552121, "checkpoint_dir_name": null, "done": false, "training_iteration": 1, "trial_id": "dc58b_00109", "date": "2025-11-19_11-35-21", "time_this_iter_s": 14.694743394851685, "time_total_s": 14.694743394851685, "pid": 2445771, "hostname": "warrentron.nottingham.ac.uk", "node_ip": "10.156.128.123", "config": {"NumHeads": 1, "seed": 20252025, "pooling": "GlobalAddPool", "n_convolutions": 2, "embedding_dim": 32, "readout_layers": 1, "dropout": 0.1, "learning_rate": 0.01, "batch_size": 16, "apply_weighting_to_graph": "No Weighting", "assymetric_loss_strength": null}, "time_since_restore": 14.694743394851685, "iterations_since_restore": 1}
