{"val_loss": 0.08608128875494003, "val_loss_std": 0.0325617988017299, "timestamp": 1763551980, "checkpoint_dir_name": null, "done": false, "training_iteration": 1, "trial_id": "dc58b_00072", "date": "2025-11-19_11-33-00", "time_this_iter_s": 14.855780363082886, "time_total_s": 14.855780363082886, "pid": 2438639, "hostname": "warrentron.nottingham.ac.uk", "node_ip": "10.156.128.123", "config": {"NumHeads": 2, "seed": 20252025, "pooling": "GlobalAddPool", "n_convolutions": 2, "embedding_dim": 32, "readout_layers": 2, "dropout": 0.01, "learning_rate": 0.01, "batch_size": 16, "apply_weighting_to_graph": "No Weighting", "assymetric_loss_strength": null}, "time_since_restore": 14.855780363082886, "iterations_since_restore": 1}
