{"val_loss": 0.2560153603553772, "val_loss_std": 0.03971994341969366, "timestamp": 1763552072, "checkpoint_dir_name": null, "done": false, "training_iteration": 1, "trial_id": "dc58b_00095", "date": "2025-11-19_11-34-32", "time_this_iter_s": 17.213910341262817, "time_total_s": 17.213910341262817, "pid": 2442663, "hostname": "warrentron.nottingham.ac.uk", "node_ip": "10.156.128.123", "config": {"NumHeads": 4, "seed": 20252025, "pooling": "GlobalMeanMaxPool", "n_convolutions": 3, "embedding_dim": 128, "readout_layers": 1, "dropout": 0.01, "learning_rate": 0.001, "batch_size": 64, "apply_weighting_to_graph": "No Weighting", "assymetric_loss_strength": null}, "time_since_restore": 17.213910341262817, "iterations_since_restore": 1}
