{"val_loss": 0.30988083183765414, "val_loss_std": 0.08364560286182082, "timestamp": 1763551984, "checkpoint_dir_name": null, "done": false, "training_iteration": 1, "trial_id": "dc58b_00075", "date": "2025-11-19_11-33-04", "time_this_iter_s": 7.207746744155884, "time_total_s": 7.207746744155884, "pid": 2438905, "hostname": "warrentron.nottingham.ac.uk", "node_ip": "10.156.128.123", "config": {"NumHeads": 4, "seed": 20252025, "pooling": "GlobalAddPool", "n_convolutions": 1, "embedding_dim": 128, "readout_layers": 1, "dropout": 0.1, "learning_rate": 0.001, "batch_size": 64, "apply_weighting_to_graph": "No Weighting", "assymetric_loss_strength": null}, "time_since_restore": 7.207746744155884, "iterations_since_restore": 1}
