{"val_loss": 0.6848546326160431, "val_loss_std": 0.16488989166989895, "timestamp": 1763551859, "checkpoint_dir_name": null, "done": false, "training_iteration": 1, "trial_id": "dc58b_00039", "date": "2025-11-19_11-30-59", "time_this_iter_s": 10.765448331832886, "time_total_s": 10.765448331832886, "pid": 2431812, "hostname": "warrentron.nottingham.ac.uk", "node_ip": "10.156.128.123", "config": {"NumHeads": 2, "seed": 20252025, "pooling": "GlobalMaxPool", "n_convolutions": 3, "embedding_dim": 32, "readout_layers": 1, "dropout": 0.1, "learning_rate": 0.001, "batch_size": 32, "apply_weighting_to_graph": "No Weighting", "assymetric_loss_strength": null}, "time_since_restore": 10.765448331832886, "iterations_since_restore": 1}
