{"val_loss": 0.8592364549636841, "val_loss_std": 0.1664198890116226, "timestamp": 1763552154, "checkpoint_dir_name": null, "done": false, "training_iteration": 1, "trial_id": "dc58b_00118", "date": "2025-11-19_11-35-54", "time_this_iter_s": 8.730039358139038, "time_total_s": 8.730039358139038, "pid": 2448401, "hostname": "warrentron.nottingham.ac.uk", "node_ip": "10.156.128.123", "config": {"NumHeads": 2, "seed": 20252025, "pooling": "GlobalMeanPool", "n_convolutions": 2, "embedding_dim": 64, "readout_layers": 1, "dropout": 0.01, "learning_rate": 0.0001, "batch_size": 32, "apply_weighting_to_graph": "No Weighting", "assymetric_loss_strength": null}, "time_since_restore": 8.730039358139038, "iterations_since_restore": 1}
