{"val_loss": 7.134204769134522, "val_loss_std": 0.09597576785245922, "timestamp": 1763552014, "checkpoint_dir_name": null, "done": false, "training_iteration": 1, "trial_id": "dc58b_00082", "date": "2025-11-19_11-33-34", "time_this_iter_s": 8.786537408828735, "time_total_s": 8.786537408828735, "pid": 2441342, "hostname": "warrentron.nottingham.ac.uk", "node_ip": "10.156.128.123", "config": {"NumHeads": 1, "seed": 20252025, "pooling": "GlobalAddPool", "n_convolutions": 2, "embedding_dim": 128, "readout_layers": 1, "dropout": 0.05, "learning_rate": 0.0001, "batch_size": 64, "apply_weighting_to_graph": "No Weighting", "assymetric_loss_strength": null}, "time_since_restore": 8.786537408828735, "iterations_since_restore": 1}
