{"val_loss": 0.274641814827919, "val_loss_std": 0.09869889292470127, "timestamp": 1763552184, "checkpoint_dir_name": null, "done": false, "training_iteration": 1, "trial_id": "dc58b_00125", "date": "2025-11-19_11-36-24", "time_this_iter_s": 12.85201358795166, "time_total_s": 12.85201358795166, "pid": 2449120, "hostname": "warrentron.nottingham.ac.uk", "node_ip": "10.156.128.123", "config": {"NumHeads": 4, "seed": 20252025, "pooling": "GlobalAddPool", "n_convolutions": 2, "embedding_dim": 128, "readout_layers": 1, "dropout": 0.01, "learning_rate": 0.001, "batch_size": 64, "apply_weighting_to_graph": "No Weighting", "assymetric_loss_strength": null}, "time_since_restore": 12.85201358795166, "iterations_since_restore": 1}
