{"val_loss": 0.29801105260849, "val_loss_std": 0.04704826524986942, "timestamp": 1763552233, "checkpoint_dir_name": null, "done": false, "training_iteration": 1, "trial_id": "dc58b_00135", "date": "2025-11-19_11-37-13", "time_this_iter_s": 17.68652057647705, "time_total_s": 17.68652057647705, "pid": 2451728, "hostname": "warrentron.nottingham.ac.uk", "node_ip": "10.156.128.123", "config": {"NumHeads": 4, "seed": 20252025, "pooling": "GlobalAddPool", "n_convolutions": 3, "embedding_dim": 128, "readout_layers": 1, "dropout": 0.01, "learning_rate": 0.0001, "batch_size": 64, "apply_weighting_to_graph": "No Weighting", "assymetric_loss_strength": null}, "time_since_restore": 17.68652057647705, "iterations_since_restore": 1}
