{"val_loss": 0.0732838861644268, "val_loss_std": 0.05690676105281483, "timestamp": 1763551773, "checkpoint_dir_name": null, "done": false, "training_iteration": 1, "trial_id": "dc58b_00014", "date": "2025-11-19_11-29-33", "time_this_iter_s": 14.262950658798218, "time_total_s": 14.262950658798218, "pid": 2427654, "hostname": "warrentron.nottingham.ac.uk", "node_ip": "10.156.128.123", "config": {"NumHeads": 1, "seed": 20252025, "pooling": "GlobalMeanPool", "n_convolutions": 2, "embedding_dim": 128, "readout_layers": 3, "dropout": 0.01, "learning_rate": 0.01, "batch_size": 16, "apply_weighting_to_graph": "No Weighting", "assymetric_loss_strength": null}, "time_since_restore": 14.262950658798218, "iterations_since_restore": 1}
