{"val_loss": 0.31020047068595885, "val_loss_std": 0.15463236386194484, "timestamp": 1763552134, "checkpoint_dir_name": null, "done": false, "training_iteration": 1, "trial_id": "dc58b_00113", "date": "2025-11-19_11-35-34", "time_this_iter_s": 8.456605911254883, "time_total_s": 8.456605911254883, "pid": 2447840, "hostname": "warrentron.nottingham.ac.uk", "node_ip": "10.156.128.123", "config": {"NumHeads": 2, "seed": 20252025, "pooling": "GlobalMaxPool", "n_convolutions": 2, "embedding_dim": 32, "readout_layers": 2, "dropout": 0.01, "learning_rate": 0.001, "batch_size": 64, "apply_weighting_to_graph": "No Weighting", "assymetric_loss_strength": null}, "time_since_restore": 8.456605911254883, "iterations_since_restore": 1}
