{"val_loss": 0.6011304378509521, "val_loss_std": 0.08718844676386861, "timestamp": 1763552244, "checkpoint_dir_name": null, "done": false, "training_iteration": 1, "trial_id": "dc58b_00140", "date": "2025-11-19_11-37-24", "time_this_iter_s": 8.566705703735352, "time_total_s": 8.566705703735352, "pid": 2452537, "hostname": "warrentron.nottingham.ac.uk", "node_ip": "10.156.128.123", "config": {"NumHeads": 2, "seed": 20252025, "pooling": "GlobalMeanMaxPool", "n_convolutions": 1, "embedding_dim": 64, "readout_layers": 1, "dropout": 0.05, "learning_rate": 0.0001, "batch_size": 64, "apply_weighting_to_graph": "No Weighting", "assymetric_loss_strength": null}, "time_since_restore": 8.566705703735352, "iterations_since_restore": 1}
