{"val_loss": 0.291065177321434, "val_loss_std": 0.1350355169723962, "timestamp": 1763551985, "checkpoint_dir_name": null, "done": false, "training_iteration": 1, "trial_id": "dc58b_00074", "date": "2025-11-19_11-33-05", "time_this_iter_s": 10.156842470169067, "time_total_s": 10.156842470169067, "pid": 2438842, "hostname": "warrentron.nottingham.ac.uk", "node_ip": "10.156.128.123", "config": {"NumHeads": 1, "seed": 20252025, "pooling": "GlobalMeanPool", "n_convolutions": 1, "embedding_dim": 32, "readout_layers": 2, "dropout": 0.05, "learning_rate": 0.001, "batch_size": 16, "apply_weighting_to_graph": "No Weighting", "assymetric_loss_strength": null}, "time_since_restore": 10.156842470169067, "iterations_since_restore": 1}
