{"val_loss": 0.48125327229499815, "val_loss_std": 0.10578865266403407, "timestamp": 1763552222, "checkpoint_dir_name": null, "done": false, "training_iteration": 1, "trial_id": "dc58b_00134", "date": "2025-11-19_11-37-02", "time_this_iter_s": 6.851389646530151, "time_total_s": 6.851389646530151, "pid": 2451727, "hostname": "warrentron.nottingham.ac.uk", "node_ip": "10.156.128.123", "config": {"NumHeads": 2, "seed": 20252025, "pooling": "GlobalMaxPool", "n_convolutions": 1, "embedding_dim": 128, "readout_layers": 1, "dropout": 0.1, "learning_rate": 0.01, "batch_size": 32, "apply_weighting_to_graph": "No Weighting", "assymetric_loss_strength": null}, "time_since_restore": 6.851389646530151, "iterations_since_restore": 1}
