{"val_loss": 0.14521553218364716, "val_loss_std": 0.07092357643297069, "timestamp": 1763551725, "checkpoint_dir_name": null, "done": false, "training_iteration": 1, "trial_id": "dc58b_00000", "date": "2025-11-19_11-28-45", "time_this_iter_s": 18.57137441635132, "time_total_s": 18.57137441635132, "pid": 2424333, "hostname": "warrentron.nottingham.ac.uk", "node_ip": "10.156.128.123", "config": {"NumHeads": 1, "seed": 20252025, "pooling": "GlobalAddPool", "n_convolutions": 3, "embedding_dim": 64, "readout_layers": 1, "dropout": 0.01, "learning_rate": 0.01, "batch_size": 16, "apply_weighting_to_graph": "No Weighting", "assymetric_loss_strength": null}, "time_since_restore": 18.57137441635132, "iterations_since_restore": 1}
