{"val_loss": 0.2959516018629074, "val_loss_std": 0.09328614317473316, "timestamp": 1763551739, "checkpoint_dir_name": null, "done": false, "training_iteration": 1, "trial_id": "dc58b_00008", "date": "2025-11-19_11-28-59", "time_this_iter_s": 6.801914930343628, "time_total_s": 6.801914930343628, "pid": 2425353, "hostname": "warrentron.nottingham.ac.uk", "node_ip": "10.156.128.123", "config": {"NumHeads": 2, "seed": 20252025, "pooling": "GlobalMeanMaxPool", "n_convolutions": 1, "embedding_dim": 64, "readout_layers": 3, "dropout": 0.05, "learning_rate": 0.001, "batch_size": 32, "apply_weighting_to_graph": "No Weighting", "assymetric_loss_strength": null}, "time_since_restore": 6.801914930343628, "iterations_since_restore": 1}
