{"val_loss": 0.5409235239028931, "val_loss_std": 0.04066303464419625, "timestamp": 1763551881, "checkpoint_dir_name": null, "done": false, "training_iteration": 1, "trial_id": "dc58b_00046", "date": "2025-11-19_11-31-21", "time_this_iter_s": 10.495410919189453, "time_total_s": 10.495410919189453, "pid": 2432619, "hostname": "warrentron.nottingham.ac.uk", "node_ip": "10.156.128.123", "config": {"NumHeads": 1, "seed": 20252025, "pooling": "GlobalMeanMaxPool", "n_convolutions": 1, "embedding_dim": 32, "readout_layers": 1, "dropout": 0.1, "learning_rate": 0.001, "batch_size": 16, "apply_weighting_to_graph": "No Weighting", "assymetric_loss_strength": null}, "time_since_restore": 10.495410919189453, "iterations_since_restore": 1}
