{"val_loss": 0.12677869126200675, "val_loss_std": 0.054336765059722195, "timestamp": 1763551899, "checkpoint_dir_name": null, "done": false, "training_iteration": 1, "trial_id": "dc58b_00051", "date": "2025-11-19_11-31-39", "time_this_iter_s": 10.322967767715454, "time_total_s": 10.322967767715454, "pid": 2434818, "hostname": "warrentron.nottingham.ac.uk", "node_ip": "10.156.128.123", "config": {"NumHeads": 2, "seed": 20252025, "pooling": "GlobalMeanPool", "n_convolutions": 2, "embedding_dim": 32, "readout_layers": 1, "dropout": 0.01, "learning_rate": 0.01, "batch_size": 32, "apply_weighting_to_graph": "No Weighting", "assymetric_loss_strength": null}, "time_since_restore": 10.322967767715454, "iterations_since_restore": 1}
