{"val_loss": 0.07745621912181377, "val_loss_std": 0.06966461545672735, "timestamp": 1763551876, "checkpoint_dir_name": null, "done": false, "training_iteration": 1, "trial_id": "dc58b_00045", "date": "2025-11-19_11-31-16", "time_this_iter_s": 10.356756687164307, "time_total_s": 10.356756687164307, "pid": 2432481, "hostname": "warrentron.nottingham.ac.uk", "node_ip": "10.156.128.123", "config": {"NumHeads": 4, "seed": 20252025, "pooling": "GlobalAddPool", "n_convolutions": 1, "embedding_dim": 128, "readout_layers": 2, "dropout": 0.05, "learning_rate": 0.01, "batch_size": 16, "apply_weighting_to_graph": "No Weighting", "assymetric_loss_strength": null}, "time_since_restore": 10.356756687164307, "iterations_since_restore": 1}
