{"val_loss": 0.29833562672138214, "val_loss_std": 0.07176159099968996, "timestamp": 1763551715, "checkpoint_dir_name": null, "done": false, "training_iteration": 1, "trial_id": "dc58b_00001", "date": "2025-11-19_11-28-35", "time_this_iter_s": 8.522470712661743, "time_total_s": 8.522470712661743, "pid": 2424332, "hostname": "warrentron.nottingham.ac.uk", "node_ip": "10.156.128.123", "config": {"NumHeads": 2, "seed": 20252025, "pooling": "GlobalMeanMaxPool", "n_convolutions": 1, "embedding_dim": 32, "readout_layers": 3, "dropout": 0.01, "learning_rate": 0.001, "batch_size": 32, "apply_weighting_to_graph": "No Weighting", "assymetric_loss_strength": null}, "time_since_restore": 8.522470712661743, "iterations_since_restore": 1}
