{"val_loss": 0.3233417958021164, "val_loss_std": 0.1165159578201551, "timestamp": 1763552136, "checkpoint_dir_name": null, "done": false, "training_iteration": 1, "trial_id": "dc58b_00112", "date": "2025-11-19_11-35-36", "time_this_iter_s": 12.971299409866333, "time_total_s": 12.971299409866333, "pid": 2447771, "hostname": "warrentron.nottingham.ac.uk", "node_ip": "10.156.128.123", "config": {"NumHeads": 1, "seed": 20252025, "pooling": "GlobalMaxPool", "n_convolutions": 3, "embedding_dim": 128, "readout_layers": 1, "dropout": 0.05, "learning_rate": 0.01, "batch_size": 64, "apply_weighting_to_graph": "No Weighting", "assymetric_loss_strength": null}, "time_since_restore": 12.971299409866333, "iterations_since_restore": 1}
