{"val_loss": 2.2761842966079713, "val_loss_std": 0.5684223177138492, "timestamp": 1763552127, "checkpoint_dir_name": null, "done": false, "training_iteration": 1, "trial_id": "dc58b_00111", "date": "2025-11-19_11-35-27", "time_this_iter_s": 7.982000350952148, "time_total_s": 7.982000350952148, "pid": 2447667, "hostname": "warrentron.nottingham.ac.uk", "node_ip": "10.156.128.123", "config": {"NumHeads": 1, "seed": 20252025, "pooling": "GlobalAddPool", "n_convolutions": 2, "embedding_dim": 32, "readout_layers": 1, "dropout": 0.05, "learning_rate": 0.001, "batch_size": 32, "apply_weighting_to_graph": "No Weighting", "assymetric_loss_strength": null}, "time_since_restore": 7.982000350952148, "iterations_since_restore": 1}
