{"val_loss": 0.2200782246887684, "val_loss_std": 0.10782208241064327, "timestamp": 1763551885, "checkpoint_dir_name": null, "done": false, "training_iteration": 1, "trial_id": "dc58b_00047", "date": "2025-11-19_11-31-25", "time_this_iter_s": 11.783838272094727, "time_total_s": 11.783838272094727, "pid": 2432719, "hostname": "warrentron.nottingham.ac.uk", "node_ip": "10.156.128.123", "config": {"NumHeads": 2, "seed": 20252025, "pooling": "GlobalMeanMaxPool", "n_convolutions": 3, "embedding_dim": 64, "readout_layers": 1, "dropout": 0.05, "learning_rate": 0.01, "batch_size": 64, "apply_weighting_to_graph": "No Weighting", "assymetric_loss_strength": null}, "time_since_restore": 11.783838272094727, "iterations_since_restore": 1}
