{"val_loss": 0.3210157141089439, "val_loss_std": 0.1619372172223847, "timestamp": 1763550847, "checkpoint_dir_name": null, "done": false, "training_iteration": 1, "trial_id": "bbd37_00020", "date": "2025-11-19_11-14-07", "time_this_iter_s": 6.890291690826416, "time_total_s": 6.890291690826416, "pid": 2353441, "hostname": "warrentron.nottingham.ac.uk", "node_ip": "10.156.128.123", "config": {"bias": true, "seed": 20252025, "pooling": "GlobalMaxPool", "n_convolutions": 3, "embedding_dim": 64, "readout_layers": 3, "dropout": 0.01, "learning_rate": 0.001, "batch_size": 32, "apply_weighting_to_graph": "No Weighting", "assymetric_loss_strength": null}, "time_since_restore": 6.890291690826416, "iterations_since_restore": 1}
