{"val_loss": 0.13811578191816806, "val_loss_std": 0.07281429676792074, "timestamp": 1763551755, "checkpoint_dir_name": null, "done": false, "training_iteration": 1, "trial_id": "dc58b_00009", "date": "2025-11-19_11-29-15", "time_this_iter_s": 17.6996066570282, "time_total_s": 17.6996066570282, "pid": 2425458, "hostname": "warrentron.nottingham.ac.uk", "node_ip": "10.156.128.123", "config": {"NumHeads": 1, "seed": 20252025, "pooling": "GlobalMaxPool", "n_convolutions": 3, "embedding_dim": 128, "readout_layers": 2, "dropout": 0.05, "learning_rate": 0.001, "batch_size": 16, "apply_weighting_to_graph": "No Weighting", "assymetric_loss_strength": null}, "time_since_restore": 17.6996066570282, "iterations_since_restore": 1}
