{"val_loss": 0.21081238389015197, "val_loss_std": 0.10261669825784407, "timestamp": 1763551863, "checkpoint_dir_name": null, "done": false, "training_iteration": 1, "trial_id": "dc58b_00041", "date": "2025-11-19_11-31-03", "time_this_iter_s": 7.449841737747192, "time_total_s": 7.449841737747192, "pid": 2432116, "hostname": "warrentron.nottingham.ac.uk", "node_ip": "10.156.128.123", "config": {"NumHeads": 4, "seed": 20252025, "pooling": "GlobalMaxPool", "n_convolutions": 1, "embedding_dim": 128, "readout_layers": 2, "dropout": 0.05, "learning_rate": 0.001, "batch_size": 32, "apply_weighting_to_graph": "No Weighting", "assymetric_loss_strength": null}, "time_since_restore": 7.449841737747192, "iterations_since_restore": 1}
