{"val_loss": 0.4107980504631996, "val_loss_std": 0.19461219645232436, "timestamp": 1763552235, "checkpoint_dir_name": null, "done": false, "training_iteration": 1, "trial_id": "dc58b_00136", "date": "2025-11-19_11-37-15", "time_this_iter_s": 17.200627088546753, "time_total_s": 17.200627088546753, "pid": 2451853, "hostname": "warrentron.nottingham.ac.uk", "node_ip": "10.156.128.123", "config": {"NumHeads": 2, "seed": 20252025, "pooling": "GlobalMaxPool", "n_convolutions": 3, "embedding_dim": 128, "readout_layers": 2, "dropout": 0.01, "learning_rate": 0.001, "batch_size": 32, "apply_weighting_to_graph": "No Weighting", "assymetric_loss_strength": null}, "time_since_restore": 17.200627088546753, "iterations_since_restore": 1}
