{"val_loss": 0.7389202833175659, "val_loss_std": 0.1490205631437163, "timestamp": 1763552003, "checkpoint_dir_name": null, "done": false, "training_iteration": 1, "trial_id": "dc58b_00079", "date": "2025-11-19_11-33-23", "time_this_iter_s": 14.352856874465942, "time_total_s": 14.352856874465942, "pid": 2439309, "hostname": "warrentron.nottingham.ac.uk", "node_ip": "10.156.128.123", "config": {"NumHeads": 4, "seed": 20252025, "pooling": "GlobalAddPool", "n_convolutions": 2, "embedding_dim": 32, "readout_layers": 1, "dropout": 0.01, "learning_rate": 0.001, "batch_size": 16, "apply_weighting_to_graph": "No Weighting", "assymetric_loss_strength": null}, "time_since_restore": 14.352856874465942, "iterations_since_restore": 1}
