{"val_loss": 0.23976137787103652, "val_loss_std": 0.10842553210270055, "timestamp": 1763551760, "checkpoint_dir_name": null, "done": false, "training_iteration": 1, "trial_id": "dc58b_00013", "date": "2025-11-19_11-29-20", "time_this_iter_s": 5.669752359390259, "time_total_s": 5.669752359390259, "pid": 2425866, "hostname": "warrentron.nottingham.ac.uk", "node_ip": "10.156.128.123", "config": {"NumHeads": 4, "seed": 20252025, "pooling": "GlobalMaxPool", "n_convolutions": 1, "embedding_dim": 32, "readout_layers": 1, "dropout": 0.05, "learning_rate": 0.01, "batch_size": 64, "apply_weighting_to_graph": "No Weighting", "assymetric_loss_strength": null}, "time_since_restore": 5.669752359390259, "iterations_since_restore": 1}
