{"val_loss": 0.15839607417583465, "val_loss_std": 0.08188777559133419, "timestamp": 1763552190, "checkpoint_dir_name": null, "done": false, "training_iteration": 1, "trial_id": "dc58b_00126", "date": "2025-11-19_11-36-30", "time_this_iter_s": 16.011102199554443, "time_total_s": 16.011102199554443, "pid": 2449185, "hostname": "warrentron.nottingham.ac.uk", "node_ip": "10.156.128.123", "config": {"NumHeads": 1, "seed": 20252025, "pooling": "GlobalMeanMaxPool", "n_convolutions": 2, "embedding_dim": 32, "readout_layers": 2, "dropout": 0.05, "learning_rate": 0.001, "batch_size": 16, "apply_weighting_to_graph": "No Weighting", "assymetric_loss_strength": null}, "time_since_restore": 16.011102199554443, "iterations_since_restore": 1}
