{"val_loss": 0.17227358371019363, "val_loss_std": 0.08062235300459751, "timestamp": 1763551828, "checkpoint_dir_name": null, "done": false, "training_iteration": 1, "trial_id": "dc58b_00031", "date": "2025-11-19_11-30-28", "time_this_iter_s": 8.355082988739014, "time_total_s": 8.355082988739014, "pid": 2431060, "hostname": "warrentron.nottingham.ac.uk", "node_ip": "10.156.128.123", "config": {"NumHeads": 4, "seed": 20252025, "pooling": "GlobalMeanPool", "n_convolutions": 1, "embedding_dim": 128, "readout_layers": 1, "dropout": 0.01, "learning_rate": 0.001, "batch_size": 64, "apply_weighting_to_graph": "No Weighting", "assymetric_loss_strength": null}, "time_since_restore": 8.355082988739014, "iterations_since_restore": 1}
