{"val_loss": 0.1644888140261173, "val_loss_std": 0.133130287949715, "timestamp": 1763551927, "checkpoint_dir_name": null, "done": false, "training_iteration": 1, "trial_id": "dc58b_00059", "date": "2025-11-19_11-32-07", "time_this_iter_s": 12.12068223953247, "time_total_s": 12.12068223953247, "pid": 2435629, "hostname": "warrentron.nottingham.ac.uk", "node_ip": "10.156.128.123", "config": {"NumHeads": 4, "seed": 20252025, "pooling": "GlobalAddPool", "n_convolutions": 3, "embedding_dim": 64, "readout_layers": 2, "dropout": 0.1, "learning_rate": 0.01, "batch_size": 64, "apply_weighting_to_graph": "No Weighting", "assymetric_loss_strength": null}, "time_since_restore": 12.12068223953247, "iterations_since_restore": 1}
