{"val_loss": 1.6132241487503052, "val_loss_std": 0.19100588144458416, "timestamp": 1763551888, "checkpoint_dir_name": null, "done": false, "training_iteration": 1, "trial_id": "dc58b_00049", "date": "2025-11-19_11-31-28", "time_this_iter_s": 7.3745832443237305, "time_total_s": 7.3745832443237305, "pid": 2434578, "hostname": "warrentron.nottingham.ac.uk", "node_ip": "10.156.128.123", "config": {"NumHeads": 2, "seed": 20252025, "pooling": "GlobalMeanMaxPool", "n_convolutions": 1, "embedding_dim": 64, "readout_layers": 2, "dropout": 0.01, "learning_rate": 0.0001, "batch_size": 32, "apply_weighting_to_graph": "No Weighting", "assymetric_loss_strength": null}, "time_since_restore": 7.3745832443237305, "iterations_since_restore": 1}
