{"val_loss": 0.1809694141149521, "val_loss_std": 0.04888544832616109, "timestamp": 1763552121, "checkpoint_dir_name": null, "done": false, "training_iteration": 1, "trial_id": "dc58b_00107", "date": "2025-11-19_11-35-21", "time_this_iter_s": 19.37298846244812, "time_total_s": 19.37298846244812, "pid": 2445568, "hostname": "warrentron.nottingham.ac.uk", "node_ip": "10.156.128.123", "config": {"NumHeads": 4, "seed": 20252025, "pooling": "GlobalMaxPool", "n_convolutions": 3, "embedding_dim": 128, "readout_layers": 3, "dropout": 0.05, "learning_rate": 0.01, "batch_size": 64, "apply_weighting_to_graph": "No Weighting", "assymetric_loss_strength": null}, "time_since_restore": 19.37298846244812, "iterations_since_restore": 1}
