{"val_loss": 0.14871364757418631, "val_loss_std": 0.053671411362815086, "timestamp": 1763552142, "checkpoint_dir_name": null, "done": false, "training_iteration": 1, "trial_id": "dc58b_00114", "date": "2025-11-19_11-35-42", "time_this_iter_s": 11.496870994567871, "time_total_s": 11.496870994567871, "pid": 2447981, "hostname": "warrentron.nottingham.ac.uk", "node_ip": "10.156.128.123", "config": {"NumHeads": 2, "seed": 20252025, "pooling": "GlobalMeanMaxPool", "n_convolutions": 1, "embedding_dim": 64, "readout_layers": 1, "dropout": 0.01, "learning_rate": 0.001, "batch_size": 16, "apply_weighting_to_graph": "No Weighting", "assymetric_loss_strength": null}, "time_since_restore": 11.496870994567871, "iterations_since_restore": 1}
