{"val_loss": 0.12140206024050712, "val_loss_std": 0.07694358195742815, "timestamp": 1763551786, "checkpoint_dir_name": null, "done": false, "training_iteration": 1, "trial_id": "dc58b_00018", "date": "2025-11-19_11-29-46", "time_this_iter_s": 10.546011924743652, "time_total_s": 10.546011924743652, "pid": 2428067, "hostname": "warrentron.nottingham.ac.uk", "node_ip": "10.156.128.123", "config": {"NumHeads": 4, "seed": 20252025, "pooling": "GlobalMeanPool", "n_convolutions": 1, "embedding_dim": 128, "readout_layers": 3, "dropout": 0.01, "learning_rate": 0.001, "batch_size": 16, "apply_weighting_to_graph": "No Weighting", "assymetric_loss_strength": null}, "time_since_restore": 10.546011924743652, "iterations_since_restore": 1}
