{"val_loss": 0.3467720404267311, "val_loss_std": 0.18190820252748793, "timestamp": 1763551903, "checkpoint_dir_name": null, "done": false, "training_iteration": 1, "trial_id": "dc58b_00054", "date": "2025-11-19_11-31-43", "time_this_iter_s": 6.940457344055176, "time_total_s": 6.940457344055176, "pid": 2435084, "hostname": "warrentron.nottingham.ac.uk", "node_ip": "10.156.128.123", "config": {"NumHeads": 4, "seed": 20252025, "pooling": "GlobalMaxPool", "n_convolutions": 1, "embedding_dim": 32, "readout_layers": 2, "dropout": 0.05, "learning_rate": 0.001, "batch_size": 32, "apply_weighting_to_graph": "No Weighting", "assymetric_loss_strength": null}, "time_since_restore": 6.940457344055176, "iterations_since_restore": 1}
