{"val_loss": 0.08395226001739502, "val_loss_std": 0.07759855637740498, "timestamp": 1763552233, "checkpoint_dir_name": null, "done": false, "training_iteration": 1, "trial_id": "dc58b_00138", "date": "2025-11-19_11-37-13", "time_this_iter_s": 7.4355549812316895, "time_total_s": 7.4355549812316895, "pid": 2452096, "hostname": "warrentron.nottingham.ac.uk", "node_ip": "10.156.128.123", "config": {"NumHeads": 1, "seed": 20252025, "pooling": "GlobalAddPool", "n_convolutions": 1, "embedding_dim": 128, "readout_layers": 3, "dropout": 0.05, "learning_rate": 0.01, "batch_size": 32, "apply_weighting_to_graph": "No Weighting", "assymetric_loss_strength": null}, "time_since_restore": 7.4355549812316895, "iterations_since_restore": 1}
