{"val_loss": 0.15001006722450255, "val_loss_std": 0.07656931313307738, "timestamp": 1763551811, "checkpoint_dir_name": null, "done": false, "training_iteration": 1, "trial_id": "dc58b_00023", "date": "2025-11-19_11-30-11", "time_this_iter_s": 19.415127992630005, "time_total_s": 19.415127992630005, "pid": 2428538, "hostname": "warrentron.nottingham.ac.uk", "node_ip": "10.156.128.123", "config": {"NumHeads": 4, "seed": 20252025, "pooling": "GlobalAddPool", "n_convolutions": 3, "embedding_dim": 128, "readout_layers": 3, "dropout": 0.05, "learning_rate": 0.001, "batch_size": 16, "apply_weighting_to_graph": "No Weighting", "assymetric_loss_strength": null}, "time_since_restore": 19.415127992630005, "iterations_since_restore": 1}
