{"val_loss": 0.8310582518577576, "val_loss_std": 0.20389988692698485, "timestamp": 1763551775, "checkpoint_dir_name": null, "done": false, "training_iteration": 1, "trial_id": "dc58b_00015", "date": "2025-11-19_11-29-35", "time_this_iter_s": 11.566023588180542, "time_total_s": 11.566023588180542, "pid": 2427754, "hostname": "warrentron.nottingham.ac.uk", "node_ip": "10.156.128.123", "config": {"NumHeads": 4, "seed": 20252025, "pooling": "GlobalMeanMaxPool", "n_convolutions": 1, "embedding_dim": 32, "readout_layers": 2, "dropout": 0.1, "learning_rate": 0.0001, "batch_size": 16, "apply_weighting_to_graph": "No Weighting", "assymetric_loss_strength": null}, "time_since_restore": 11.566023588180542, "iterations_since_restore": 1}
