{"val_loss": 1.430275297164917, "val_loss_std": 0.1594857554539956, "timestamp": 1763552157, "checkpoint_dir_name": null, "done": false, "training_iteration": 1, "trial_id": "dc58b_00119", "date": "2025-11-19_11-35-57", "time_this_iter_s": 9.491127490997314, "time_total_s": 9.491127490997314, "pid": 2448464, "hostname": "warrentron.nottingham.ac.uk", "node_ip": "10.156.128.123", "config": {"NumHeads": 4, "seed": 20252025, "pooling": "GlobalMaxPool", "n_convolutions": 1, "embedding_dim": 64, "readout_layers": 2, "dropout": 0.01, "learning_rate": 0.0001, "batch_size": 64, "apply_weighting_to_graph": "No Weighting", "assymetric_loss_strength": null}, "time_since_restore": 9.491127490997314, "iterations_since_restore": 1}
