{"val_loss": 0.9723086476325988, "val_loss_std": 0.14097855539794862, "timestamp": 1763551987, "checkpoint_dir_name": null, "done": false, "training_iteration": 1, "trial_id": "dc58b_00076", "date": "2025-11-19_11-33-07", "time_this_iter_s": 7.039838790893555, "time_total_s": 7.039838790893555, "pid": 2439042, "hostname": "warrentron.nottingham.ac.uk", "node_ip": "10.156.128.123", "config": {"NumHeads": 4, "seed": 20252025, "pooling": "GlobalMeanPool", "n_convolutions": 1, "embedding_dim": 64, "readout_layers": 3, "dropout": 0.01, "learning_rate": 0.0001, "batch_size": 32, "apply_weighting_to_graph": "No Weighting", "assymetric_loss_strength": null}, "time_since_restore": 7.039838790893555, "iterations_since_restore": 1}
