{"val_loss": 0.41285374462604524, "val_loss_std": 0.16527545196766166, "timestamp": 1763552169, "checkpoint_dir_name": null, "done": false, "training_iteration": 1, "trial_id": "dc58b_00121", "date": "2025-11-19_11-36-09", "time_this_iter_s": 11.13587737083435, "time_total_s": 11.13587737083435, "pid": 2448714, "hostname": "warrentron.nottingham.ac.uk", "node_ip": "10.156.128.123", "config": {"NumHeads": 2, "seed": 20252025, "pooling": "GlobalMaxPool", "n_convolutions": 1, "embedding_dim": 32, "readout_layers": 3, "dropout": 0.05, "learning_rate": 0.001, "batch_size": 16, "apply_weighting_to_graph": "No Weighting", "assymetric_loss_strength": null}, "time_since_restore": 11.13587737083435, "iterations_since_restore": 1}
