{"val_loss": 1.245617890357971, "val_loss_std": 0.10620585363800866, "timestamp": 1763551735, "checkpoint_dir_name": null, "done": false, "training_iteration": 1, "trial_id": "dc58b_00005", "date": "2025-11-19_11-28-55", "time_this_iter_s": 10.503852605819702, "time_total_s": 10.503852605819702, "pid": 2425053, "hostname": "warrentron.nottingham.ac.uk", "node_ip": "10.156.128.123", "config": {"NumHeads": 1, "seed": 20252025, "pooling": "GlobalMaxPool", "n_convolutions": 1, "embedding_dim": 64, "readout_layers": 3, "dropout": 0.01, "learning_rate": 0.0001, "batch_size": 16, "apply_weighting_to_graph": "No Weighting", "assymetric_loss_strength": null}, "time_since_restore": 10.503852605819702, "iterations_since_restore": 1}
