{"val_loss": 0.19388117715716363, "val_loss_std": 0.1493915034113316, "timestamp": 1763552232, "checkpoint_dir_name": null, "done": false, "training_iteration": 1, "trial_id": "dc58b_00137", "date": "2025-11-19_11-37-12", "time_this_iter_s": 8.682472229003906, "time_total_s": 8.682472229003906, "pid": 2452029, "hostname": "warrentron.nottingham.ac.uk", "node_ip": "10.156.128.123", "config": {"NumHeads": 1, "seed": 20252025, "pooling": "GlobalAddPool", "n_convolutions": 2, "embedding_dim": 32, "readout_layers": 2, "dropout": 0.05, "learning_rate": 0.01, "batch_size": 64, "apply_weighting_to_graph": "No Weighting", "assymetric_loss_strength": null}, "time_since_restore": 8.682472229003906, "iterations_since_restore": 1}
