{"val_loss": 0.4014051854610443, "val_loss_std": 0.1336797824110373, "timestamp": 1763552200, "checkpoint_dir_name": null, "done": false, "training_iteration": 1, "trial_id": "dc58b_00128", "date": "2025-11-19_11-36-40", "time_this_iter_s": 12.092223405838013, "time_total_s": 12.092223405838013, "pid": 2451080, "hostname": "warrentron.nottingham.ac.uk", "node_ip": "10.156.128.123", "config": {"NumHeads": 1, "seed": 20252025, "pooling": "GlobalMeanMaxPool", "n_convolutions": 3, "embedding_dim": 32, "readout_layers": 3, "dropout": 0.01, "learning_rate": 0.001, "batch_size": 64, "apply_weighting_to_graph": "No Weighting", "assymetric_loss_strength": null}, "time_since_restore": 12.092223405838013, "iterations_since_restore": 1}
