{"val_loss": 1.2426665544509887, "val_loss_std": 0.10935127763411427, "timestamp": 1763552184, "checkpoint_dir_name": null, "done": false, "training_iteration": 1, "trial_id": "dc58b_00124", "date": "2025-11-19_11-36-24", "time_this_iter_s": 16.66548442840576, "time_total_s": 16.66548442840576, "pid": 2449018, "hostname": "warrentron.nottingham.ac.uk", "node_ip": "10.156.128.123", "config": {"NumHeads": 4, "seed": 20252025, "pooling": "GlobalMeanPool", "n_convolutions": 2, "embedding_dim": 32, "readout_layers": 1, "dropout": 0.1, "learning_rate": 0.0001, "batch_size": 16, "apply_weighting_to_graph": "No Weighting", "assymetric_loss_strength": null}, "time_since_restore": 16.66548442840576, "iterations_since_restore": 1}
