{"val_loss": 1.23494553565979, "val_loss_std": 0.2700822344955298, "timestamp": 1763551828, "checkpoint_dir_name": null, "done": false, "training_iteration": 1, "trial_id": "dc58b_00029", "date": "2025-11-19_11-30-28", "time_this_iter_s": 15.059643268585205, "time_total_s": 15.059643268585205, "pid": 2429201, "hostname": "warrentron.nottingham.ac.uk", "node_ip": "10.156.128.123", "config": {"NumHeads": 4, "seed": 20252025, "pooling": "GlobalMeanMaxPool", "n_convolutions": 2, "embedding_dim": 64, "readout_layers": 2, "dropout": 0.05, "learning_rate": 0.0001, "batch_size": 16, "apply_weighting_to_graph": "No Weighting", "assymetric_loss_strength": null}, "time_since_restore": 15.059643268585205, "iterations_since_restore": 1}
