{"val_loss": 0.28050062656402586, "val_loss_std": 0.09061859034787316, "timestamp": 1763552220, "checkpoint_dir_name": null, "done": false, "training_iteration": 1, "trial_id": "dc58b_00132", "date": "2025-11-19_11-37-00", "time_this_iter_s": 19.722842693328857, "time_total_s": 19.722842693328857, "pid": 2451520, "hostname": "warrentron.nottingham.ac.uk", "node_ip": "10.156.128.123", "config": {"NumHeads": 4, "seed": 20252025, "pooling": "GlobalMaxPool", "n_convolutions": 3, "embedding_dim": 64, "readout_layers": 1, "dropout": 0.1, "learning_rate": 0.01, "batch_size": 16, "apply_weighting_to_graph": "No Weighting", "assymetric_loss_strength": null}, "time_since_restore": 19.722842693328857, "iterations_since_restore": 1}
