{"val_loss": 0.8254390001296997, "val_loss_std": 0.2292831358988105, "timestamp": 1763551973, "checkpoint_dir_name": null, "done": false, "training_iteration": 1, "trial_id": "dc58b_00070", "date": "2025-11-19_11-32-53", "time_this_iter_s": 17.904057264328003, "time_total_s": 17.904057264328003, "pid": 2438432, "hostname": "warrentron.nottingham.ac.uk", "node_ip": "10.156.128.123", "config": {"NumHeads": 2, "seed": 20252025, "pooling": "GlobalAddPool", "n_convolutions": 3, "embedding_dim": 128, "readout_layers": 2, "dropout": 0.05, "learning_rate": 0.0001, "batch_size": 16, "apply_weighting_to_graph": "No Weighting", "assymetric_loss_strength": null}, "time_since_restore": 17.904057264328003, "iterations_since_restore": 1}
