{"val_loss": 0.6386736810207367, "val_loss_std": 0.11253684116632577, "timestamp": 1763551868, "checkpoint_dir_name": null, "done": false, "training_iteration": 1, "trial_id": "dc58b_00043", "date": "2025-11-19_11-31-08", "time_this_iter_s": 6.265950441360474, "time_total_s": 6.265950441360474, "pid": 2432280, "hostname": "warrentron.nottingham.ac.uk", "node_ip": "10.156.128.123", "config": {"NumHeads": 1, "seed": 20252025, "pooling": "GlobalMaxPool", "n_convolutions": 1, "embedding_dim": 128, "readout_layers": 1, "dropout": 0.05, "learning_rate": 0.0001, "batch_size": 32, "apply_weighting_to_graph": "No Weighting", "assymetric_loss_strength": null}, "time_since_restore": 6.265950441360474, "iterations_since_restore": 1}
