{"val_loss": 0.08592750392854213, "val_loss_std": 0.05621182641184213, "timestamp": 1763551938, "checkpoint_dir_name": null, "done": false, "training_iteration": 1, "trial_id": "dc58b_00062", "date": "2025-11-19_11-32-18", "time_this_iter_s": 16.324906587600708, "time_total_s": 16.324906587600708, "pid": 2435894, "hostname": "warrentron.nottingham.ac.uk", "node_ip": "10.156.128.123", "config": {"NumHeads": 1, "seed": 20252025, "pooling": "GlobalMeanMaxPool", "n_convolutions": 2, "embedding_dim": 128, "readout_layers": 1, "dropout": 0.01, "learning_rate": 0.01, "batch_size": 16, "apply_weighting_to_graph": "No Weighting", "assymetric_loss_strength": null}, "time_since_restore": 16.324906587600708, "iterations_since_restore": 1}
