{"val_loss": 0.40518586039543153, "val_loss_std": 0.16411907693435876, "timestamp": 1763552274, "checkpoint_dir_name": null, "done": false, "training_iteration": 1, "trial_id": "dc58b_00147", "date": "2025-11-19_11-37-54", "time_this_iter_s": 16.407670497894287, "time_total_s": 16.407670497894287, "pid": 2454695, "hostname": "warrentron.nottingham.ac.uk", "node_ip": "10.156.128.123", "config": {"NumHeads": 1, "seed": 20252025, "pooling": "GlobalMeanMaxPool", "n_convolutions": 1, "embedding_dim": 32, "readout_layers": 2, "dropout": 0.05, "learning_rate": 0.001, "batch_size": 16, "apply_weighting_to_graph": "No Weighting", "assymetric_loss_strength": null}, "time_since_restore": 16.407670497894287, "iterations_since_restore": 1}
