{"val_loss": 0.1507238693535328, "val_loss_std": 0.09633034285120097, "timestamp": 1763552024, "checkpoint_dir_name": null, "done": false, "training_iteration": 1, "trial_id": "dc58b_00085", "date": "2025-11-19_11-33-44", "time_this_iter_s": 12.832555532455444, "time_total_s": 12.832555532455444, "pid": 2441545, "hostname": "warrentron.nottingham.ac.uk", "node_ip": "10.156.128.123", "config": {"NumHeads": 2, "seed": 20252025, "pooling": "GlobalMeanPool", "n_convolutions": 3, "embedding_dim": 32, "readout_layers": 3, "dropout": 0.1, "learning_rate": 0.01, "batch_size": 64, "apply_weighting_to_graph": "No Weighting", "assymetric_loss_strength": null}, "time_since_restore": 12.832555532455444, "iterations_since_restore": 1}
