{"val_loss": 0.14166082739830016, "val_loss_std": 0.11590469205167805, "timestamp": 1763552024, "checkpoint_dir_name": null, "done": false, "training_iteration": 1, "trial_id": "dc58b_00084", "date": "2025-11-19_11-33-44", "time_this_iter_s": 12.682771921157837, "time_total_s": 12.682771921157837, "pid": 2441546, "hostname": "warrentron.nottingham.ac.uk", "node_ip": "10.156.128.123", "config": {"NumHeads": 4, "seed": 20252025, "pooling": "GlobalMeanPool", "n_convolutions": 1, "embedding_dim": 128, "readout_layers": 2, "dropout": 0.01, "learning_rate": 0.001, "batch_size": 16, "apply_weighting_to_graph": "No Weighting", "assymetric_loss_strength": null}, "time_since_restore": 12.682771921157837, "iterations_since_restore": 1}
