{"val_loss": 1.7531835794448853, "val_loss_std": 0.13367843203668622, "timestamp": 1763552009, "checkpoint_dir_name": null, "done": false, "training_iteration": 1, "trial_id": "dc58b_00081", "date": "2025-11-19_11-33-29", "time_this_iter_s": 8.12748646736145, "time_total_s": 8.12748646736145, "pid": 2441239, "hostname": "warrentron.nottingham.ac.uk", "node_ip": "10.156.128.123", "config": {"NumHeads": 2, "seed": 20252025, "pooling": "GlobalMeanPool", "n_convolutions": 1, "embedding_dim": 128, "readout_layers": 3, "dropout": 0.01, "learning_rate": 0.0001, "batch_size": 64, "apply_weighting_to_graph": "No Weighting", "assymetric_loss_strength": null}, "time_since_restore": 8.12748646736145, "iterations_since_restore": 1}
