{"val_loss": 0.13303202837705613, "val_loss_std": 0.10956198807940612, "timestamp": 1763551815, "checkpoint_dir_name": null, "done": false, "training_iteration": 1, "trial_id": "dc58b_00028", "date": "2025-11-19_11-30-15", "time_this_iter_s": 9.05546259880066, "time_total_s": 9.05546259880066, "pid": 2428996, "hostname": "warrentron.nottingham.ac.uk", "node_ip": "10.156.128.123", "config": {"NumHeads": 2, "seed": 20252025, "pooling": "GlobalAddPool", "n_convolutions": 2, "embedding_dim": 128, "readout_layers": 1, "dropout": 0.01, "learning_rate": 0.01, "batch_size": 32, "apply_weighting_to_graph": "No Weighting", "assymetric_loss_strength": null}, "time_since_restore": 9.05546259880066, "iterations_since_restore": 1}
