{"val_loss": 0.16939999237656594, "val_loss_std": 0.1390431980508661, "timestamp": 1763551963, "checkpoint_dir_name": null, "done": false, "training_iteration": 1, "trial_id": "dc58b_00069", "date": "2025-11-19_11-32-43", "time_this_iter_s": 10.775378942489624, "time_total_s": 10.775378942489624, "pid": 2438296, "hostname": "warrentron.nottingham.ac.uk", "node_ip": "10.156.128.123", "config": {"NumHeads": 4, "seed": 20252025, "pooling": "GlobalAddPool", "n_convolutions": 1, "embedding_dim": 32, "readout_layers": 2, "dropout": 0.05, "learning_rate": 0.001, "batch_size": 16, "apply_weighting_to_graph": "No Weighting", "assymetric_loss_strength": null}, "time_since_restore": 10.775378942489624, "iterations_since_restore": 1}
