{"val_loss": 0.32680242955684663, "val_loss_std": 0.13420147236502591, "timestamp": 1763551930, "checkpoint_dir_name": null, "done": false, "training_iteration": 1, "trial_id": "dc58b_00060", "date": "2025-11-19_11-32-10", "time_this_iter_s": 12.839823007583618, "time_total_s": 12.839823007583618, "pid": 2435729, "hostname": "warrentron.nottingham.ac.uk", "node_ip": "10.156.128.123", "config": {"NumHeads": 1, "seed": 20252025, "pooling": "GlobalMaxPool", "n_convolutions": 3, "embedding_dim": 128, "readout_layers": 2, "dropout": 0.01, "learning_rate": 0.001, "batch_size": 64, "apply_weighting_to_graph": "No Weighting", "assymetric_loss_strength": null}, "time_since_restore": 12.839823007583618, "iterations_since_restore": 1}
