{"val_loss": 0.21224368810653688, "val_loss_std": 0.08545511234890707, "timestamp": 1763552103, "checkpoint_dir_name": null, "done": false, "training_iteration": 1, "trial_id": "dc58b_00106", "date": "2025-11-19_11-35-03", "time_this_iter_s": 10.677257299423218, "time_total_s": 10.677257299423218, "pid": 2445463, "hostname": "warrentron.nottingham.ac.uk", "node_ip": "10.156.128.123", "config": {"NumHeads": 2, "seed": 20252025, "pooling": "GlobalAddPool", "n_convolutions": 1, "embedding_dim": 128, "readout_layers": 1, "dropout": 0.05, "learning_rate": 0.0001, "batch_size": 16, "apply_weighting_to_graph": "No Weighting", "assymetric_loss_strength": null}, "time_since_restore": 10.677257299423218, "iterations_since_restore": 1}
