{"val_loss": 1.4337836742401122, "val_loss_std": 0.10110694370408833, "timestamp": 1763551944, "checkpoint_dir_name": null, "done": false, "training_iteration": 1, "trial_id": "dc58b_00064", "date": "2025-11-19_11-32-24", "time_this_iter_s": 12.07942271232605, "time_total_s": 12.07942271232605, "pid": 2436101, "hostname": "warrentron.nottingham.ac.uk", "node_ip": "10.156.128.123", "config": {"NumHeads": 4, "seed": 20252025, "pooling": "GlobalMeanPool", "n_convolutions": 2, "embedding_dim": 128, "readout_layers": 2, "dropout": 0.05, "learning_rate": 0.0001, "batch_size": 64, "apply_weighting_to_graph": "No Weighting", "assymetric_loss_strength": null}, "time_since_restore": 12.07942271232605, "iterations_since_restore": 1}
