{"val_loss": 0.2331506699323654, "val_loss_std": 0.06927374736981479, "timestamp": 1763552099, "checkpoint_dir_name": null, "done": false, "training_iteration": 1, "trial_id": "dc58b_00105", "date": "2025-11-19_11-34-59", "time_this_iter_s": 9.3561851978302, "time_total_s": 9.3561851978302, "pid": 2445228, "hostname": "warrentron.nottingham.ac.uk", "node_ip": "10.156.128.123", "config": {"NumHeads": 2, "seed": 20252025, "pooling": "GlobalMeanMaxPool", "n_convolutions": 2, "embedding_dim": 128, "readout_layers": 1, "dropout": 0.01, "learning_rate": 0.001, "batch_size": 32, "apply_weighting_to_graph": "No Weighting", "assymetric_loss_strength": null}, "time_since_restore": 9.3561851978302, "iterations_since_restore": 1}
