{"val_loss": 0.6387614011764526, "val_loss_std": 0.11247336188321207, "timestamp": 1763552052, "checkpoint_dir_name": null, "done": false, "training_iteration": 1, "trial_id": "dc58b_00093", "date": "2025-11-19_11-34-12", "time_this_iter_s": 7.380453109741211, "time_total_s": 7.380453109741211, "pid": 2442423, "hostname": "warrentron.nottingham.ac.uk", "node_ip": "10.156.128.123", "config": {"NumHeads": 1, "seed": 20252025, "pooling": "GlobalMaxPool", "n_convolutions": 1, "embedding_dim": 128, "readout_layers": 1, "dropout": 0.05, "learning_rate": 0.0001, "batch_size": 64, "apply_weighting_to_graph": "No Weighting", "assymetric_loss_strength": null}, "time_since_restore": 7.380453109741211, "iterations_since_restore": 1}
