{"val_loss": 1.156615710258484, "val_loss_std": 0.21643706958963654, "timestamp": 1763551721, "checkpoint_dir_name": null, "done": false, "training_iteration": 1, "trial_id": "dc58b_00003", "date": "2025-11-19_11-28-41", "time_this_iter_s": 14.028024673461914, "time_total_s": 14.028024673461914, "pid": 2424335, "hostname": "warrentron.nottingham.ac.uk", "node_ip": "10.156.128.123", "config": {"NumHeads": 4, "seed": 20252025, "pooling": "GlobalAddPool", "n_convolutions": 2, "embedding_dim": 32, "readout_layers": 2, "dropout": 0.01, "learning_rate": 0.0001, "batch_size": 16, "apply_weighting_to_graph": "No Weighting", "assymetric_loss_strength": null}, "time_since_restore": 14.028024673461914, "iterations_since_restore": 1}
