{"val_loss": 0.24686923176050185, "val_loss_std": 0.0959364518977275, "timestamp": 1763552085, "checkpoint_dir_name": null, "done": false, "training_iteration": 1, "trial_id": "dc58b_00101", "date": "2025-11-19_11-34-45", "time_this_iter_s": 8.789099216461182, "time_total_s": 8.789099216461182, "pid": 2444823, "hostname": "warrentron.nottingham.ac.uk", "node_ip": "10.156.128.123", "config": {"NumHeads": 2, "seed": 20252025, "pooling": "GlobalMeanPool", "n_convolutions": 2, "embedding_dim": 32, "readout_layers": 1, "dropout": 0.1, "learning_rate": 0.001, "batch_size": 64, "apply_weighting_to_graph": "No Weighting", "assymetric_loss_strength": null}, "time_since_restore": 8.789099216461182, "iterations_since_restore": 1}
