{"val_loss": 0.5413383305072784, "val_loss_std": 0.22259462890995207, "timestamp": 1763551857, "checkpoint_dir_name": null, "done": false, "training_iteration": 1, "trial_id": "dc58b_00038", "date": "2025-11-19_11-30-57", "time_this_iter_s": 8.675415277481079, "time_total_s": 8.675415277481079, "pid": 2431811, "hostname": "warrentron.nottingham.ac.uk", "node_ip": "10.156.128.123", "config": {"NumHeads": 1, "seed": 20252025, "pooling": "GlobalMeanPool", "n_convolutions": 2, "embedding_dim": 64, "readout_layers": 3, "dropout": 0.1, "learning_rate": 0.001, "batch_size": 64, "apply_weighting_to_graph": "No Weighting", "assymetric_loss_strength": null}, "time_since_restore": 8.675415277481079, "iterations_since_restore": 1}
