{"val_loss": 1.90513174533844, "val_loss_std": 0.1357889352128891, "timestamp": 1763552072, "checkpoint_dir_name": null, "done": false, "training_iteration": 1, "trial_id": "dc58b_00098", "date": "2025-11-19_11-34-32", "time_this_iter_s": 12.895602464675903, "time_total_s": 12.895602464675903, "pid": 2444649, "hostname": "warrentron.nottingham.ac.uk", "node_ip": "10.156.128.123", "config": {"NumHeads": 4, "seed": 20252025, "pooling": "GlobalMaxPool", "n_convolutions": 1, "embedding_dim": 128, "readout_layers": 3, "dropout": 0.05, "learning_rate": 0.0001, "batch_size": 32, "apply_weighting_to_graph": "No Weighting", "assymetric_loss_strength": null}, "time_since_restore": 12.895602464675903, "iterations_since_restore": 1}
