{"val_loss": 0.13468909338116647, "val_loss_std": 0.07147149473979808, "timestamp": 1763551055, "checkpoint_dir_name": null, "done": false, "training_iteration": 1, "trial_id": "bbd37_00107", "date": "2025-11-19_11-17-35", "time_this_iter_s": 4.285215139389038, "time_total_s": 4.285215139389038, "pid": 2368979, "hostname": "warrentron.nottingham.ac.uk", "node_ip": "10.156.128.123", "config": {"bias": true, "seed": 20252025, "pooling": "GlobalMeanPool", "n_convolutions": 1, "embedding_dim": 64, "readout_layers": 1, "dropout": 0.01, "learning_rate": 0.001, "batch_size": 32, "apply_weighting_to_graph": "No Weighting", "assymetric_loss_strength": null}, "time_since_restore": 4.285215139389038, "iterations_since_restore": 1}
