{"val_loss": 0.2829787045717239, "val_loss_std": 0.10492796908144461, "timestamp": 1763551723, "checkpoint_dir_name": null, "done": false, "training_iteration": 1, "trial_id": "dc58b_00002", "date": "2025-11-19_11-28-43", "time_this_iter_s": 15.663575649261475, "time_total_s": 15.663575649261475, "pid": 2424334, "hostname": "warrentron.nottingham.ac.uk", "node_ip": "10.156.128.123", "config": {"NumHeads": 2, "seed": 20252025, "pooling": "GlobalMeanMaxPool", "n_convolutions": 2, "embedding_dim": 64, "readout_layers": 1, "dropout": 0.05, "learning_rate": 0.001, "batch_size": 16, "apply_weighting_to_graph": "No Weighting", "assymetric_loss_strength": null}, "time_since_restore": 15.663575649261475, "iterations_since_restore": 1}
