{"val_loss": 0.15071173682808875, "val_loss_std": 0.07934023019602453, "timestamp": 1763552090, "checkpoint_dir_name": null, "done": false, "training_iteration": 1, "trial_id": "dc58b_00102", "date": "2025-11-19_11-34-50", "time_this_iter_s": 6.423318147659302, "time_total_s": 6.423318147659302, "pid": 2445060, "hostname": "warrentron.nottingham.ac.uk", "node_ip": "10.156.128.123", "config": {"NumHeads": 1, "seed": 20252025, "pooling": "GlobalMeanPool", "n_convolutions": 1, "embedding_dim": 128, "readout_layers": 3, "dropout": 0.01, "learning_rate": 0.01, "batch_size": 64, "apply_weighting_to_graph": "No Weighting", "assymetric_loss_strength": null}, "time_since_restore": 6.423318147659302, "iterations_since_restore": 1}
