{"val_loss": 0.845389723777771, "val_loss_std": 0.23883592767064377, "timestamp": 1763552183, "checkpoint_dir_name": null, "done": false, "training_iteration": 1, "trial_id": "dc58b_00123", "date": "2025-11-19_11-36-23", "time_this_iter_s": 19.013446807861328, "time_total_s": 19.013446807861328, "pid": 2448914, "hostname": "warrentron.nottingham.ac.uk", "node_ip": "10.156.128.123", "config": {"NumHeads": 2, "seed": 20252025, "pooling": "GlobalMeanPool", "n_convolutions": 3, "embedding_dim": 128, "readout_layers": 2, "dropout": 0.1, "learning_rate": 0.0001, "batch_size": 16, "apply_weighting_to_graph": "No Weighting", "assymetric_loss_strength": null}, "time_since_restore": 19.013446807861328, "iterations_since_restore": 1}
