{"val_loss": 0.19423739165067672, "val_loss_std": 0.07063967787216163, "timestamp": 1763552117, "checkpoint_dir_name": null, "done": false, "training_iteration": 1, "trial_id": "dc58b_00108", "date": "2025-11-19_11-35-17", "time_this_iter_s": 15.22359585762024, "time_total_s": 15.22359585762024, "pid": 2445569, "hostname": "warrentron.nottingham.ac.uk", "node_ip": "10.156.128.123", "config": {"NumHeads": 4, "seed": 20252025, "pooling": "GlobalMaxPool", "n_convolutions": 2, "embedding_dim": 128, "readout_layers": 1, "dropout": 0.01, "learning_rate": 0.001, "batch_size": 16, "apply_weighting_to_graph": "No Weighting", "assymetric_loss_strength": null}, "time_since_restore": 15.22359585762024, "iterations_since_restore": 1}
