{
    "1": {
        "GCN": {
            "Train": {
                "RMSE": 0.2297523728057195,
                "R2": 0.473580539226532,
                "MAE": 0.171106219291687
            },
            "Validation": {
                "RMSE": 0.01053444207646578,
                "R2": 0.9777902960777283,
                "MAE": 0.008945624344050884
            },
            "Test": {
                "RMSE": 0.3451640241411408,
                "R2": -0.31183135509490967,
                "MAE": 0.28244471549987793
            }
        },
        "GraphSAGE": {
            "Train": {
                "RMSE": 0.28282001495914705,
                "R2": 0.2023136019706726,
                "MAE": 0.24649709463119507
            },
            "Validation": {
                "RMSE": 0.019360592444942922,
                "R2": 0.9249834418296814,
                "MAE": 0.015056212432682514
            },
            "Test": {
                "RMSE": 0.2635046393250264,
                "R2": 0.23545414209365845,
                "MAE": 0.2098284214735031
            }
        },
        "TransformerConvGNN": {
            "Train": {
                "RMSE": 0.046963057657517106,
                "R2": 0.9780049920082092,
                "MAE": 0.03422391042113304
            },
            "Validation": {
                "RMSE": 0.05582384133046181,
                "R2": 0.37632352113723755,
                "MAE": 0.03624923899769783
            },
            "Test": {
                "RMSE": 0.12910048705098892,
                "R2": 0.816480278968811,
                "MAE": 0.10524415969848633
            }
        },
        "GAT": {
            "Train": {
                "RMSE": 0.2784672265715865,
                "R2": 0.2266784906387329,
                "MAE": 0.19909749925136566
            },
            "Validation": {
                "RMSE": 0.04384497207378123,
                "R2": 0.6152669191360474,
                "MAE": 0.03244129940867424
            },
            "Test": {
                "RMSE": 0.2271666118537681,
                "R2": 0.43178069591522217,
                "MAE": 0.15758855640888214
            }
        },
        "MPNN": {
            "Train": {
                "RMSE": 0.10906467948610409,
                "R2": 0.881373941898346,
                "MAE": 0.08277218788862228
            },
            "Validation": {
                "RMSE": 0.003499648080584261,
                "R2": 0.9975488781929016,
                "MAE": 0.0030058224219828844
            },
            "Test": {
                "RMSE": 0.16800667645075415,
                "R2": 0.6892006397247314,
                "MAE": 0.16143925487995148
            }
        },
        "CGGNN": {
            "Train": {
                "RMSE": 0.08277188319429682,
                "R2": 0.9316753149032593,
                "MAE": 0.062209323048591614
            },
            "Validation": {
                "RMSE": 0.051960171673375855,
                "R2": 0.45966750383377075,
                "MAE": 0.03117903135716915
            },
            "Test": {
                "RMSE": 0.24544973725930203,
                "R2": 0.33663564920425415,
                "MAE": 0.19869136810302734
            }
        }
    },
    "2": {
        "GCN": {
            "Train": {
                "RMSE": 0.2053478374727487,
                "R2": 0.5886070728302002,
                "MAE": 0.1519988626241684
            },
            "Validation": {
                "RMSE": 0.04683200781914926,
                "R2": 0.9739441871643066,
                "MAE": 0.04350884631276131
            },
            "Test": {
                "RMSE": 0.46398858339039384,
                "R2": -1086.1898193359375,
                "MAE": 0.4048546552658081
            }
        },
        "GraphSAGE": {
            "Train": {
                "RMSE": 0.11092855037936815,
                "R2": 0.879949688911438,
                "MAE": 0.08954226225614548
            },
            "Validation": {
                "RMSE": 0.02912938101281711,
                "R2": 0.9899194836616516,
                "MAE": 0.020619353279471397
            },
            "Test": {
                "RMSE": 0.30320761822991027,
                "R2": -463.27044677734375,
                "MAE": 0.2878601551055908
            }
        },
        "TransformerConvGNN": {
            "Train": {
                "RMSE": 0.08588725756271766,
                "R2": 0.9280328750610352,
                "MAE": 0.08218500763177872
            },
            "Validation": {
                "RMSE": 0.06703571054093749,
                "R2": 0.9466134309768677,
                "MAE": 0.0513002872467041
            },
            "Test": {
                "RMSE": 0.33213512815251867,
                "R2": -556.0836791992188,
                "MAE": 0.26657405495643616
            }
        },
        "GAT": {
            "Train": {
                "RMSE": 0.06425458862310623,
                "R2": 0.9597204327583313,
                "MAE": 0.05172492563724518
            },
            "Validation": {
                "RMSE": 0.03316582660453825,
                "R2": 0.9869322180747986,
                "MAE": 0.02513587474822998
            },
            "Test": {
                "RMSE": 0.29143207629918516,
                "R2": -427.90936279296875,
                "MAE": 0.2607784569263458
            }
        },
        "MPNN": {
            "Train": {
                "RMSE": 0.029815845625664535,
                "R2": 0.9913269877433777,
                "MAE": 0.024865776300430298
            },
            "Validation": {
                "RMSE": 0.042953923495947934,
                "R2": 0.9780807495117188,
                "MAE": 0.040204763412475586
            },
            "Test": {
                "RMSE": 0.2791588315409872,
                "R2": -392.54425048828125,
                "MAE": 0.19750773906707764
            }
        },
        "CGGNN": {
            "Train": {
                "RMSE": 0.05136242806392343,
                "R2": 0.9742624163627625,
                "MAE": 0.04063102602958679
            },
            "Validation": {
                "RMSE": 0.04271921396247716,
                "R2": 0.9783196449279785,
                "MAE": 0.04019351676106453
            },
            "Test": {
                "RMSE": 0.21174336075704916,
                "R2": -225.417724609375,
                "MAE": 0.1647758036851883
            }
        }
    },
    "3": {
        "GCN": {
            "Train": {
                "RMSE": 0.05484910274193255,
                "R2": 0.9712136387825012,
                "MAE": 0.047901544719934464
            },
            "Validation": {
                "RMSE": 0.06262324891645091,
                "R2": 0.9587289094924927,
                "MAE": 0.052848298102617264
            },
            "Test": {
                "RMSE": 0.37002107283149527,
                "R2": -7.405462265014648,
                "MAE": 0.29957759380340576
            }
        },
        "GraphSAGE": {
            "Train": {
                "RMSE": 0.2797555558289593,
                "R2": 0.2511322498321533,
                "MAE": 0.2138863056898117
            },
            "Validation": {
                "RMSE": 0.051621184765738744,
                "R2": 0.9719566106796265,
                "MAE": 0.04459317401051521
            },
            "Test": {
                "RMSE": 0.2979880723654355,
                "R2": -4.451380252838135,
                "MAE": 0.25072672963142395
            }
        },
        "TransformerConvGNN": {
            "Train": {
                "RMSE": 0.09286886126284831,
                "R2": 0.9174745678901672,
                "MAE": 0.07781476527452469
            },
            "Validation": {
                "RMSE": 0.10567481167847337,
                "R2": 0.8824783563613892,
                "MAE": 0.09021755307912827
            },
            "Test": {
                "RMSE": 0.3311679612540629,
                "R2": -5.732949256896973,
                "MAE": 0.27640941739082336
            }
        },
        "GAT": {
            "Train": {
                "RMSE": 0.10137816353176282,
                "R2": 0.9016585350036621,
                "MAE": 0.07198499888181686
            },
            "Validation": {
                "RMSE": 0.038055982792048255,
                "R2": 0.984758734703064,
                "MAE": 0.026560068130493164
            },
            "Test": {
                "RMSE": 0.3193043801116565,
                "R2": -5.259194374084473,
                "MAE": 0.28216788172721863
            }
        },
        "MPNN": {
            "Train": {
                "RMSE": 0.07050381897477036,
                "R2": 0.9524365663528442,
                "MAE": 0.055047351866960526
            },
            "Validation": {
                "RMSE": 0.008909793240310463,
                "R2": 0.9991645812988281,
                "MAE": 0.008202314376831055
            },
            "Test": {
                "RMSE": 0.28539841963688667,
                "R2": -4.000481605529785,
                "MAE": 0.25035277009010315
            }
        },
        "CGGNN": {
            "Train": {
                "RMSE": 0.10785594286066134,
                "R2": 0.8886895775794983,
                "MAE": 0.09460494667291641
            },
            "Validation": {
                "RMSE": 0.050272743083956704,
                "R2": 0.9734025597572327,
                "MAE": 0.04031519219279289
            },
            "Test": {
                "RMSE": 0.39408291941533835,
                "R2": -8.534192085266113,
                "MAE": 0.336990088224411
            }
        }
    },
    "4": {
        "GCN": {
            "Train": {
                "RMSE": 0.07353686815779371,
                "R2": 0.9435605406761169,
                "MAE": 0.06483779847621918
            },
            "Validation": {
                "RMSE": 0.03170214576628348,
                "R2": 0.9902804493904114,
                "MAE": 0.026087841019034386
            },
            "Test": {
                "RMSE": 0.1566769726598157,
                "R2": -21.597515106201172,
                "MAE": 0.12282935529947281
            }
        },
        "GraphSAGE": {
            "Train": {
                "RMSE": 0.08983206672997854,
                "R2": 0.9157760739326477,
                "MAE": 0.0703945904970169
            },
            "Validation": {
                "RMSE": 0.1576745480768336,
                "R2": 0.7595674991607666,
                "MAE": 0.09780041128396988
            },
            "Test": {
                "RMSE": 0.2363583647872248,
                "R2": -50.42713165283203,
                "MAE": 0.21180029213428497
            }
        },
        "TransformerConvGNN": {
            "Train": {
                "RMSE": 0.03419530886211467,
                "R2": 0.987795889377594,
                "MAE": 0.030398676171898842
            },
            "Validation": {
                "RMSE": 0.20763305251762199,
                "R2": 0.5830701589584351,
                "MAE": 0.1255083829164505
            },
            "Test": {
                "RMSE": 0.07119797740378832,
                "R2": -3.666440010070801,
                "MAE": 0.06486725807189941
            }
        },
        "GAT": {
            "Train": {
                "RMSE": 0.08235470545544883,
                "R2": 0.9292136430740356,
                "MAE": 0.06648139655590057
            },
            "Validation": {
                "RMSE": 0.09226107914003295,
                "R2": 0.9176796674728394,
                "MAE": 0.07329209893941879
            },
            "Test": {
                "RMSE": 0.10535593975649661,
                "R2": -9.218058586120605,
                "MAE": 0.07850710302591324
            }
        },
        "MPNN": {
            "Train": {
                "RMSE": 0.06428595378891196,
                "R2": 0.9568674564361572,
                "MAE": 0.05684751644730568
            },
            "Validation": {
                "RMSE": 0.0101136394625523,
                "R2": 0.9990108013153076,
                "MAE": 0.008754968643188477
            },
            "Test": {
                "RMSE": 0.14068211614152407,
                "R2": -17.21915054321289,
                "MAE": 0.13619065284729004
            }
        },
        "CGGNN": {
            "Train": {
                "RMSE": 0.07434053530583612,
                "R2": 0.9423201680183411,
                "MAE": 0.06603613495826721
            },
            "Validation": {
                "RMSE": 0.013466141241661672,
                "R2": 0.9982463121414185,
                "MAE": 0.011316776275634766
            },
            "Test": {
                "RMSE": 0.144600439264427,
                "R2": -18.2481746673584,
                "MAE": 0.13350923359394073
            }
        }
    },
    "5": {
        "GCN": {
            "Train": {
                "RMSE": 0.18349176983410798,
                "R2": 0.6516577005386353,
                "MAE": 0.1528988778591156
            },
            "Validation": {
                "RMSE": 0.05506921072104115,
                "R2": 0.9732211232185364,
                "MAE": 0.0483783483505249
            },
            "Test": {
                "RMSE": 0.2627614161482152,
                "R2": -121.06240844726562,
                "MAE": 0.23174016177654266
            }
        },
        "GraphSAGE": {
            "Train": {
                "RMSE": 0.18754751874868364,
                "R2": 0.6360886096954346,
                "MAE": 0.14408202469348907
            },
            "Validation": {
                "RMSE": 0.02100922484418702,
                "R2": 0.9961024522781372,
                "MAE": 0.017952004447579384
            },
            "Test": {
                "RMSE": 0.19260431502339778,
                "R2": -64.58292388916016,
                "MAE": 0.16504891216754913
            }
        },
        "TransformerConvGNN": {
            "Train": {
                "RMSE": 0.030887320848045373,
                "R2": 0.9901296496391296,
                "MAE": 0.02366829477250576
            },
            "Validation": {
                "RMSE": 0.023690203711250697,
                "R2": 0.9950442314147949,
                "MAE": 0.01856032945215702
            },
            "Test": {
                "RMSE": 0.37834596010317073,
                "R2": -252.0678253173828,
                "MAE": 0.22757494449615479
            }
        },
        "GAT": {
            "Train": {
                "RMSE": 0.075204477123261,
                "R2": 0.9414859414100647,
                "MAE": 0.05949699506163597
            },
            "Validation": {
                "RMSE": 0.011217152822976991,
                "R2": 0.9988889098167419,
                "MAE": 0.007697343826293945
            },
            "Test": {
                "RMSE": 0.2312589450343356,
                "R2": -93.54875946044922,
                "MAE": 0.16257905960083008
            }
        },
        "MPNN": {
            "Train": {
                "RMSE": 0.06875043795727905,
                "R2": 0.9510983228683472,
                "MAE": 0.05550277605652809
            },
            "Validation": {
                "RMSE": 0.15470119208609864,
                "R2": 0.7886697053909302,
                "MAE": 0.11705728620290756
            },
            "Test": {
                "RMSE": 0.08189444544428545,
                "R2": -10.856803894042969,
                "MAE": 0.054976146668195724
            }
        },
        "CGGNN": {
            "Train": {
                "RMSE": 0.08825903872620466,
                "R2": 0.9194080829620361,
                "MAE": 0.06788944453001022
            },
            "Validation": {
                "RMSE": 0.018555233345033798,
                "R2": 0.9969597458839417,
                "MAE": 0.018246889114379883
            },
            "Test": {
                "RMSE": 0.17782793621646148,
                "R2": -54.90604019165039,
                "MAE": 0.1461116522550583
            }
        }
    }
}