{"val_loss": 0.3838377267122269, "val_loss_std": 0.09312363951821155, "timestamp": 1763552074, "checkpoint_dir_name": null, "done": false, "training_iteration": 1, "trial_id": "dc58b_00096", "date": "2025-11-19_11-34-34", "time_this_iter_s": 17.40873885154724, "time_total_s": 17.40873885154724, "pid": 2443293, "hostname": "warrentron.nottingham.ac.uk", "node_ip": "10.156.128.123", "config": {"NumHeads": 4, "seed": 20252025, "pooling": "GlobalMaxPool", "n_convolutions": 3, "embedding_dim": 128, "readout_layers": 1, "dropout": 0.05, "learning_rate": 0.001, "batch_size": 32, "apply_weighting_to_graph": "No Weighting", "assymetric_loss_strength": null}, "time_since_restore": 17.40873885154724, "iterations_since_restore": 1}
