{"val_loss": 0.3894780337810516, "val_loss_std": 0.11580345587901072, "timestamp": 1763551789, "checkpoint_dir_name": null, "done": false, "training_iteration": 1, "trial_id": "dc58b_00021", "date": "2025-11-19_11-29-49", "time_this_iter_s": 9.110589265823364, "time_total_s": 9.110589265823364, "pid": 2428232, "hostname": "warrentron.nottingham.ac.uk", "node_ip": "10.156.128.123", "config": {"NumHeads": 2, "seed": 20252025, "pooling": "GlobalMaxPool", "n_convolutions": 1, "embedding_dim": 64, "readout_layers": 2, "dropout": 0.01, "learning_rate": 0.001, "batch_size": 64, "apply_weighting_to_graph": "No Weighting", "assymetric_loss_strength": null}, "time_since_restore": 9.110589265823364, "iterations_since_restore": 1}
