{"val_loss": 0.5527442812919616, "val_loss_std": 0.11994291839515998, "timestamp": 1763551929, "checkpoint_dir_name": null, "done": false, "training_iteration": 1, "trial_id": "dc58b_00061", "date": "2025-11-19_11-32-09", "time_this_iter_s": 9.296031475067139, "time_total_s": 9.296031475067139, "pid": 2435793, "hostname": "warrentron.nottingham.ac.uk", "node_ip": "10.156.128.123", "config": {"NumHeads": 4, "seed": 20252025, "pooling": "GlobalAddPool", "n_convolutions": 2, "embedding_dim": 32, "readout_layers": 1, "dropout": 0.1, "learning_rate": 0.0001, "batch_size": 32, "apply_weighting_to_graph": "No Weighting", "assymetric_loss_strength": null}, "time_since_restore": 9.296031475067139, "iterations_since_restore": 1}
