{"val_loss": 1.1333459973335267, "val_loss_std": 0.15876682852674112, "timestamp": 1763552257, "checkpoint_dir_name": null, "done": false, "training_iteration": 1, "trial_id": "dc58b_00145", "date": "2025-11-19_11-37-37", "time_this_iter_s": 7.343742609024048, "time_total_s": 7.343742609024048, "pid": 2454456, "hostname": "warrentron.nottingham.ac.uk", "node_ip": "10.156.128.123", "config": {"NumHeads": 4, "seed": 20252025, "pooling": "GlobalMaxPool", "n_convolutions": 1, "embedding_dim": 128, "readout_layers": 1, "dropout": 0.1, "learning_rate": 0.0001, "batch_size": 64, "apply_weighting_to_graph": "No Weighting", "assymetric_loss_strength": null}, "time_since_restore": 7.343742609024048, "iterations_since_restore": 1}
