{"val_loss": 1.0483087301254272, "val_loss_std": 0.18958603558903253, "timestamp": 1763551916, "checkpoint_dir_name": null, "done": false, "training_iteration": 1, "trial_id": "dc58b_00057", "date": "2025-11-19_11-31-56", "time_this_iter_s": 11.60246729850769, "time_total_s": 11.60246729850769, "pid": 2435326, "hostname": "warrentron.nottingham.ac.uk", "node_ip": "10.156.128.123", "config": {"NumHeads": 2, "seed": 20252025, "pooling": "GlobalAddPool", "n_convolutions": 1, "embedding_dim": 128, "readout_layers": 2, "dropout": 0.1, "learning_rate": 0.0001, "batch_size": 16, "apply_weighting_to_graph": "No Weighting", "assymetric_loss_strength": null}, "time_since_restore": 11.60246729850769, "iterations_since_restore": 1}
