{"val_loss": 1.7149701833724975, "val_loss_std": 0.13759305203946548, "timestamp": 1763551953, "checkpoint_dir_name": null, "done": false, "training_iteration": 1, "trial_id": "dc58b_00065", "date": "2025-11-19_11-32-33", "time_this_iter_s": 19.456021070480347, "time_total_s": 19.456021070480347, "pid": 2436200, "hostname": "warrentron.nottingham.ac.uk", "node_ip": "10.156.128.123", "config": {"NumHeads": 4, "seed": 20252025, "pooling": "GlobalAddPool", "n_convolutions": 3, "embedding_dim": 64, "readout_layers": 3, "dropout": 0.01, "learning_rate": 0.0001, "batch_size": 16, "apply_weighting_to_graph": "No Weighting", "assymetric_loss_strength": null}, "time_since_restore": 19.456021070480347, "iterations_since_restore": 1}
