{"val_loss": 0.2614119201898575, "val_loss_std": 0.06078923705840802, "timestamp": 1763551803, "checkpoint_dir_name": null, "done": false, "training_iteration": 1, "trial_id": "dc58b_00024", "date": "2025-11-19_11-30-03", "time_this_iter_s": 12.09138560295105, "time_total_s": 12.09138560295105, "pid": 2428539, "hostname": "warrentron.nottingham.ac.uk", "node_ip": "10.156.128.123", "config": {"NumHeads": 1, "seed": 20252025, "pooling": "GlobalMeanMaxPool", "n_convolutions": 3, "embedding_dim": 64, "readout_layers": 1, "dropout": 0.05, "learning_rate": 0.001, "batch_size": 32, "apply_weighting_to_graph": "No Weighting", "assymetric_loss_strength": null}, "time_since_restore": 12.09138560295105, "iterations_since_restore": 1}
