{"val_loss": 0.368722465634346, "val_loss_std": 0.18941181500855295, "timestamp": 1763551878, "checkpoint_dir_name": null, "done": false, "training_iteration": 1, "trial_id": "dc58b_00044", "date": "2025-11-19_11-31-18", "time_this_iter_s": 14.242156028747559, "time_total_s": 14.242156028747559, "pid": 2432379, "hostname": "warrentron.nottingham.ac.uk", "node_ip": "10.156.128.123", "config": {"NumHeads": 4, "seed": 20252025, "pooling": "GlobalMaxPool", "n_convolutions": 2, "embedding_dim": 32, "readout_layers": 1, "dropout": 0.01, "learning_rate": 0.0001, "batch_size": 16, "apply_weighting_to_graph": "No Weighting", "assymetric_loss_strength": null}, "time_since_restore": 14.242156028747559, "iterations_since_restore": 1}
