{"val_loss": 0.16296265721321107, "val_loss_std": 0.06589372750405574, "timestamp": 1763551902, "checkpoint_dir_name": null, "done": false, "training_iteration": 1, "trial_id": "dc58b_00053", "date": "2025-11-19_11-31-42", "time_this_iter_s": 7.273940563201904, "time_total_s": 7.273940563201904, "pid": 2435020, "hostname": "warrentron.nottingham.ac.uk", "node_ip": "10.156.128.123", "config": {"NumHeads": 4, "seed": 20252025, "pooling": "GlobalMeanMaxPool", "n_convolutions": 1, "embedding_dim": 64, "readout_layers": 3, "dropout": 0.1, "learning_rate": 0.01, "batch_size": 32, "apply_weighting_to_graph": "No Weighting", "assymetric_loss_strength": null}, "time_since_restore": 7.273940563201904, "iterations_since_restore": 1}
