{"val_loss": 0.9088199377059937, "val_loss_std": 0.08854532186248053, "timestamp": 1763552197, "checkpoint_dir_name": null, "done": false, "training_iteration": 1, "trial_id": "dc58b_00127", "date": "2025-11-19_11-36-37", "time_this_iter_s": 11.602920055389404, "time_total_s": 11.602920055389404, "pid": 2451016, "hostname": "warrentron.nottingham.ac.uk", "node_ip": "10.156.128.123", "config": {"NumHeads": 4, "seed": 20252025, "pooling": "GlobalMeanMaxPool", "n_convolutions": 1, "embedding_dim": 64, "readout_layers": 1, "dropout": 0.1, "learning_rate": 0.0001, "batch_size": 16, "apply_weighting_to_graph": "No Weighting", "assymetric_loss_strength": null}, "time_since_restore": 11.602920055389404, "iterations_since_restore": 1}
