{"val_loss": 0.138518625497818, "val_loss_std": 0.061913064683599466, "timestamp": 1763552279, "checkpoint_dir_name": null, "done": false, "training_iteration": 1, "trial_id": "dc58b_00149", "date": "2025-11-19_11-37-59", "time_this_iter_s": 17.002789735794067, "time_total_s": 17.002789735794067, "pid": 2454932, "hostname": "warrentron.nottingham.ac.uk", "node_ip": "10.156.128.123", "config": {"NumHeads": 1, "seed": 20252025, "pooling": "GlobalMaxPool", "n_convolutions": 3, "embedding_dim": 64, "readout_layers": 2, "dropout": 0.01, "learning_rate": 0.001, "batch_size": 16, "apply_weighting_to_graph": "No Weighting", "assymetric_loss_strength": null}, "time_since_restore": 17.002789735794067, "iterations_since_restore": 1}
