{"val_loss": 0.6241867303848266, "val_loss_std": 0.12395789028564756, "timestamp": 1763551977, "checkpoint_dir_name": null, "done": false, "training_iteration": 1, "trial_id": "dc58b_00073", "date": "2025-11-19_11-32-57", "time_this_iter_s": 9.849414587020874, "time_total_s": 9.849414587020874, "pid": 2438702, "hostname": "warrentron.nottingham.ac.uk", "node_ip": "10.156.128.123", "config": {"NumHeads": 4, "seed": 20252025, "pooling": "GlobalMaxPool", "n_convolutions": 2, "embedding_dim": 32, "readout_layers": 3, "dropout": 0.01, "learning_rate": 0.001, "batch_size": 64, "apply_weighting_to_graph": "No Weighting", "assymetric_loss_strength": null}, "time_since_restore": 9.849414587020874, "iterations_since_restore": 1}
