{"val_loss": 0.6518900871276856, "val_loss_std": 0.13330995650624605, "timestamp": 1763552146, "checkpoint_dir_name": null, "done": false, "training_iteration": 1, "trial_id": "dc58b_00116", "date": "2025-11-19_11-35-46", "time_this_iter_s": 9.076090097427368, "time_total_s": 9.076090097427368, "pid": 2448189, "hostname": "warrentron.nottingham.ac.uk", "node_ip": "10.156.128.123", "config": {"NumHeads": 4, "seed": 20252025, "pooling": "GlobalMeanPool", "n_convolutions": 2, "embedding_dim": 64, "readout_layers": 3, "dropout": 0.01, "learning_rate": 0.001, "batch_size": 32, "apply_weighting_to_graph": "No Weighting", "assymetric_loss_strength": null}, "time_since_restore": 9.076090097427368, "iterations_since_restore": 1}
