{"val_loss": 0.18435125350952147, "val_loss_std": 0.07061015893954671, "timestamp": 1763552013, "checkpoint_dir_name": null, "done": false, "training_iteration": 1, "trial_id": "dc58b_00083", "date": "2025-11-19_11-33-33", "time_this_iter_s": 7.599207162857056, "time_total_s": 7.599207162857056, "pid": 2441343, "hostname": "warrentron.nottingham.ac.uk", "node_ip": "10.156.128.123", "config": {"NumHeads": 1, "seed": 20252025, "pooling": "GlobalAddPool", "n_convolutions": 1, "embedding_dim": 64, "readout_layers": 2, "dropout": 0.05, "learning_rate": 0.01, "batch_size": 32, "apply_weighting_to_graph": "No Weighting", "assymetric_loss_strength": null}, "time_since_restore": 7.599207162857056, "iterations_since_restore": 1}
