{"val_loss": 0.2814932018518448, "val_loss_std": 0.08653597298571795, "timestamp": 1763552276, "checkpoint_dir_name": null, "done": false, "training_iteration": 1, "trial_id": "dc58b_00148", "date": "2025-11-19_11-37-56", "time_this_iter_s": 16.097049713134766, "time_total_s": 16.097049713134766, "pid": 2454794, "hostname": "warrentron.nottingham.ac.uk", "node_ip": "10.156.128.123", "config": {"NumHeads": 4, "seed": 20252025, "pooling": "GlobalMeanPool", "n_convolutions": 3, "embedding_dim": 128, "readout_layers": 3, "dropout": 0.05, "learning_rate": 0.001, "batch_size": 32, "apply_weighting_to_graph": "No Weighting", "assymetric_loss_strength": null}, "time_since_restore": 16.097049713134766, "iterations_since_restore": 1}
