{"val_loss": 0.17193812727928162, "val_loss_std": 0.13031096692041963, "timestamp": 1763552098, "checkpoint_dir_name": null, "done": false, "training_iteration": 1, "trial_id": "dc58b_00104", "date": "2025-11-19_11-34-58", "time_this_iter_s": 8.545974493026733, "time_total_s": 8.545974493026733, "pid": 2445227, "hostname": "warrentron.nottingham.ac.uk", "node_ip": "10.156.128.123", "config": {"NumHeads": 1, "seed": 20252025, "pooling": "GlobalMeanPool", "n_convolutions": 1, "embedding_dim": 64, "readout_layers": 1, "dropout": 0.01, "learning_rate": 0.001, "batch_size": 32, "apply_weighting_to_graph": "No Weighting", "assymetric_loss_strength": null}, "time_since_restore": 8.545974493026733, "iterations_since_restore": 1}
