{"val_loss": 0.3889029920101166, "val_loss_std": 0.09456193994111721, "timestamp": 1763551914, "checkpoint_dir_name": null, "done": false, "training_iteration": 1, "trial_id": "dc58b_00056", "date": "2025-11-19_11-31-54", "time_this_iter_s": 9.985602617263794, "time_total_s": 9.985602617263794, "pid": 2435325, "hostname": "warrentron.nottingham.ac.uk", "node_ip": "10.156.128.123", "config": {"NumHeads": 2, "seed": 20252025, "pooling": "GlobalAddPool", "n_convolutions": 2, "embedding_dim": 32, "readout_layers": 3, "dropout": 0.05, "learning_rate": 0.0001, "batch_size": 64, "apply_weighting_to_graph": "No Weighting", "assymetric_loss_strength": null}, "time_since_restore": 9.985602617263794, "iterations_since_restore": 1}
