{"val_loss": 1.8685020208358765, "val_loss_std": 0.09200158410832421, "timestamp": 1763551846, "checkpoint_dir_name": null, "done": false, "training_iteration": 1, "trial_id": "dc58b_00035", "date": "2025-11-19_11-30-46", "time_this_iter_s": 13.217482089996338, "time_total_s": 13.217482089996338, "pid": 2431426, "hostname": "warrentron.nottingham.ac.uk", "node_ip": "10.156.128.123", "config": {"NumHeads": 1, "seed": 20252025, "pooling": "GlobalMeanPool", "n_convolutions": 3, "embedding_dim": 32, "readout_layers": 3, "dropout": 0.01, "learning_rate": 0.0001, "batch_size": 64, "apply_weighting_to_graph": "No Weighting", "assymetric_loss_strength": null}, "time_since_restore": 13.217482089996338, "iterations_since_restore": 1}
