{"val_loss": 0.10386107712984086, "val_loss_std": 0.019966970359698723, "timestamp": 1763552052, "checkpoint_dir_name": null, "done": false, "training_iteration": 1, "trial_id": "dc58b_00091", "date": "2025-11-19_11-34-12", "time_this_iter_s": 21.010273933410645, "time_total_s": 21.010273933410645, "pid": 2442214, "hostname": "warrentron.nottingham.ac.uk", "node_ip": "10.156.128.123", "config": {"NumHeads": 4, "seed": 20252025, "pooling": "GlobalMeanPool", "n_convolutions": 3, "embedding_dim": 128, "readout_layers": 3, "dropout": 0.01, "learning_rate": 0.01, "batch_size": 16, "apply_weighting_to_graph": "No Weighting", "assymetric_loss_strength": null}, "time_since_restore": 21.010273933410645, "iterations_since_restore": 1}
