{"val_loss": 0.14253175556659697, "val_loss_std": 0.09673543649808253, "timestamp": 1763552245, "checkpoint_dir_name": null, "done": false, "training_iteration": 1, "trial_id": "dc58b_00142", "date": "2025-11-19_11-37-25", "time_this_iter_s": 7.024669647216797, "time_total_s": 7.024669647216797, "pid": 2453863, "hostname": "warrentron.nottingham.ac.uk", "node_ip": "10.156.128.123", "config": {"NumHeads": 1, "seed": 20252025, "pooling": "GlobalMeanPool", "n_convolutions": 1, "embedding_dim": 32, "readout_layers": 1, "dropout": 0.05, "learning_rate": 0.01, "batch_size": 64, "apply_weighting_to_graph": "No Weighting", "assymetric_loss_strength": null}, "time_since_restore": 7.024669647216797, "iterations_since_restore": 1}
