{"val_loss": 0.09239759445190429, "val_loss_std": 0.0464908076567802, "timestamp": 1763551846, "checkpoint_dir_name": null, "done": false, "training_iteration": 1, "trial_id": "dc58b_00033", "date": "2025-11-19_11-30-46", "time_this_iter_s": 15.307930707931519, "time_total_s": 15.307930707931519, "pid": 2431300, "hostname": "warrentron.nottingham.ac.uk", "node_ip": "10.156.128.123", "config": {"NumHeads": 2, "seed": 20252025, "pooling": "GlobalMaxPool", "n_convolutions": 2, "embedding_dim": 128, "readout_layers": 2, "dropout": 0.1, "learning_rate": 0.01, "batch_size": 16, "apply_weighting_to_graph": "No Weighting", "assymetric_loss_strength": null}, "time_since_restore": 15.307930707931519, "iterations_since_restore": 1}
