{"val_loss": 0.9554155230522156, "val_loss_std": 0.16932980321171512, "timestamp": 1763552170, "checkpoint_dir_name": null, "done": false, "training_iteration": 1, "trial_id": "dc58b_00122", "date": "2025-11-19_11-36-10", "time_this_iter_s": 10.872296810150146, "time_total_s": 10.872296810150146, "pid": 2448777, "hostname": "warrentron.nottingham.ac.uk", "node_ip": "10.156.128.123", "config": {"NumHeads": 2, "seed": 20252025, "pooling": "GlobalMeanPool", "n_convolutions": 1, "embedding_dim": 128, "readout_layers": 2, "dropout": 0.05, "learning_rate": 0.0001, "batch_size": 16, "apply_weighting_to_graph": "No Weighting", "assymetric_loss_strength": null}, "time_since_restore": 10.872296810150146, "iterations_since_restore": 1}
