{"val_loss": 0.2166757509112358, "val_loss_std": 0.12916981216988535, "timestamp": 1763551776, "checkpoint_dir_name": null, "done": false, "training_iteration": 1, "trial_id": "dc58b_00017", "date": "2025-11-19_11-29-36", "time_this_iter_s": 7.880926847457886, "time_total_s": 7.880926847457886, "pid": 2427961, "hostname": "warrentron.nottingham.ac.uk", "node_ip": "10.156.128.123", "config": {"NumHeads": 2, "seed": 20252025, "pooling": "GlobalMeanMaxPool", "n_convolutions": 1, "embedding_dim": 128, "readout_layers": 1, "dropout": 0.01, "learning_rate": 0.001, "batch_size": 64, "apply_weighting_to_graph": "No Weighting", "assymetric_loss_strength": null}, "time_since_restore": 7.880926847457886, "iterations_since_restore": 1}
