{"val_loss": 0.35699889063835144, "val_loss_std": 0.16008252012651852, "timestamp": 1763551918, "checkpoint_dir_name": null, "done": false, "training_iteration": 1, "trial_id": "dc58b_00058", "date": "2025-11-19_11-31-58", "time_this_iter_s": 11.834832429885864, "time_total_s": 11.834832429885864, "pid": 2435451, "hostname": "warrentron.nottingham.ac.uk", "node_ip": "10.156.128.123", "config": {"NumHeads": 2, "seed": 20252025, "pooling": "GlobalMeanPool", "n_convolutions": 3, "embedding_dim": 32, "readout_layers": 2, "dropout": 0.01, "learning_rate": 0.001, "batch_size": 64, "apply_weighting_to_graph": "No Weighting", "assymetric_loss_strength": null}, "time_since_restore": 11.834832429885864, "iterations_since_restore": 1}
