{"val_loss": 0.16245258077979088, "val_loss_std": 0.0817057503117504, "timestamp": 1763552087, "checkpoint_dir_name": null, "done": false, "training_iteration": 1, "trial_id": "dc58b_00100", "date": "2025-11-19_11-34-47", "time_this_iter_s": 10.008456468582153, "time_total_s": 10.008456468582153, "pid": 2444822, "hostname": "warrentron.nottingham.ac.uk", "node_ip": "10.156.128.123", "config": {"NumHeads": 1, "seed": 20252025, "pooling": "GlobalMeanMaxPool", "n_convolutions": 2, "embedding_dim": 128, "readout_layers": 3, "dropout": 0.1, "learning_rate": 0.01, "batch_size": 64, "apply_weighting_to_graph": "No Weighting", "assymetric_loss_strength": null}, "time_since_restore": 10.008456468582153, "iterations_since_restore": 1}
