{"val_loss": 0.368892627954483, "val_loss_std": 0.1362595571335035, "timestamp": 1763552009, "checkpoint_dir_name": null, "done": false, "training_iteration": 1, "trial_id": "dc58b_00080", "date": "2025-11-19_11-33-29", "time_this_iter_s": 18.062193155288696, "time_total_s": 18.062193155288696, "pid": 2439410, "hostname": "warrentron.nottingham.ac.uk", "node_ip": "10.156.128.123", "config": {"NumHeads": 4, "seed": 20252025, "pooling": "GlobalMaxPool", "n_convolutions": 3, "embedding_dim": 32, "readout_layers": 1, "dropout": 0.01, "learning_rate": 0.0001, "batch_size": 16, "apply_weighting_to_graph": "No Weighting", "assymetric_loss_strength": null}, "time_since_restore": 18.062193155288696, "iterations_since_restore": 1}
