{"val_loss": 1.539052963256836, "val_loss_std": 0.16692737073835426, "timestamp": 1763551743, "checkpoint_dir_name": null, "done": false, "training_iteration": 1, "trial_id": "dc58b_00007", "date": "2025-11-19_11-29-03", "time_this_iter_s": 14.593708038330078, "time_total_s": 14.593708038330078, "pid": 2425216, "hostname": "warrentron.nottingham.ac.uk", "node_ip": "10.156.128.123", "config": {"NumHeads": 4, "seed": 20252025, "pooling": "GlobalMaxPool", "n_convolutions": 2, "embedding_dim": 64, "readout_layers": 2, "dropout": 0.1, "learning_rate": 0.0001, "batch_size": 16, "apply_weighting_to_graph": "No Weighting", "assymetric_loss_strength": null}, "time_since_restore": 14.593708038330078, "iterations_since_restore": 1}
