{"val_loss": 0.1439267873764038, "val_loss_std": 0.06920375377232454, "timestamp": 1763551730, "checkpoint_dir_name": null, "done": false, "training_iteration": 1, "trial_id": "dc58b_00004", "date": "2025-11-19_11-28-50", "time_this_iter_s": 11.212747812271118, "time_total_s": 11.212747812271118, "pid": 2424946, "hostname": "warrentron.nottingham.ac.uk", "node_ip": "10.156.128.123", "config": {"NumHeads": 4, "seed": 20252025, "pooling": "GlobalMaxPool", "n_convolutions": 1, "embedding_dim": 128, "readout_layers": 3, "dropout": 0.1, "learning_rate": 0.01, "batch_size": 16, "apply_weighting_to_graph": "No Weighting", "assymetric_loss_strength": null}, "time_since_restore": 11.212747812271118, "iterations_since_restore": 1}
