{"val_loss": 0.16171157062053682, "val_loss_std": 0.10512614885339212, "timestamp": 1763552254, "checkpoint_dir_name": null, "done": false, "training_iteration": 1, "trial_id": "dc58b_00143", "date": "2025-11-19_11-37-34", "time_this_iter_s": 6.895931005477905, "time_total_s": 6.895931005477905, "pid": 2454329, "hostname": "warrentron.nottingham.ac.uk", "node_ip": "10.156.128.123", "config": {"NumHeads": 1, "seed": 20252025, "pooling": "GlobalMeanPool", "n_convolutions": 1, "embedding_dim": 32, "readout_layers": 1, "dropout": 0.05, "learning_rate": 0.001, "batch_size": 64, "apply_weighting_to_graph": "No Weighting", "assymetric_loss_strength": null}, "time_since_restore": 6.895931005477905, "iterations_since_restore": 1}
