{"val_loss": 1.3235015630722047, "val_loss_std": 0.10328825583541015, "timestamp": 1763552214, "checkpoint_dir_name": null, "done": false, "training_iteration": 1, "trial_id": "dc58b_00133", "date": "2025-11-19_11-36-54", "time_this_iter_s": 11.240572452545166, "time_total_s": 11.240572452545166, "pid": 2451583, "hostname": "warrentron.nottingham.ac.uk", "node_ip": "10.156.128.123", "config": {"NumHeads": 1, "seed": 20252025, "pooling": "GlobalAddPool", "n_convolutions": 1, "embedding_dim": 64, "readout_layers": 3, "dropout": 0.1, "learning_rate": 0.0001, "batch_size": 16, "apply_weighting_to_graph": "No Weighting", "assymetric_loss_strength": null}, "time_since_restore": 11.240572452545166, "iterations_since_restore": 1}
