{"val_loss": 0.11184263713657856, "val_loss_std": 0.05658672081873148, "timestamp": 1763552260, "checkpoint_dir_name": null, "done": false, "training_iteration": 1, "trial_id": "dc58b_00144", "date": "2025-11-19_11-37-40", "time_this_iter_s": 12.03900671005249, "time_total_s": 12.03900671005249, "pid": 2454330, "hostname": "warrentron.nottingham.ac.uk", "node_ip": "10.156.128.123", "config": {"NumHeads": 4, "seed": 20252025, "pooling": "GlobalMeanMaxPool", "n_convolutions": 1, "embedding_dim": 128, "readout_layers": 2, "dropout": 0.1, "learning_rate": 0.01, "batch_size": 16, "apply_weighting_to_graph": "No Weighting", "assymetric_loss_strength": null}, "time_since_restore": 12.03900671005249, "iterations_since_restore": 1}
