{"val_loss": 0.5875657141208649, "val_loss_std": 0.15987469607831636, "timestamp": 1763552026, "checkpoint_dir_name": null, "done": false, "training_iteration": 1, "trial_id": "dc58b_00086", "date": "2025-11-19_11-33-46", "time_this_iter_s": 9.930545091629028, "time_total_s": 9.930545091629028, "pid": 2441745, "hostname": "warrentron.nottingham.ac.uk", "node_ip": "10.156.128.123", "config": {"NumHeads": 2, "seed": 20252025, "pooling": "GlobalMeanMaxPool", "n_convolutions": 2, "embedding_dim": 128, "readout_layers": 1, "dropout": 0.05, "learning_rate": 0.0001, "batch_size": 64, "apply_weighting_to_graph": "No Weighting", "assymetric_loss_strength": null}, "time_since_restore": 9.930545091629028, "iterations_since_restore": 1}
