{"val_loss": 1.5356446743011474, "val_loss_std": 0.12417062625413382, "timestamp": 1763551135, "checkpoint_dir_name": null, "done": false, "training_iteration": 1, "trial_id": "bbd37_00139", "date": "2025-11-19_11-18-55", "time_this_iter_s": 4.968458652496338, "time_total_s": 4.968458652496338, "pid": 2373867, "hostname": "warrentron.nottingham.ac.uk", "node_ip": "10.156.128.123", "config": {"bias": true, "seed": 20252025, "pooling": "GlobalMeanPool", "n_convolutions": 1, "embedding_dim": 128, "readout_layers": 3, "dropout": 0.05, "learning_rate": 0.0001, "batch_size": 32, "apply_weighting_to_graph": "No Weighting", "assymetric_loss_strength": null}, "time_since_restore": 4.968458652496338, "iterations_since_restore": 1}
